name,id,type,ba,tph,mcs,osi,cc,c1,c2to4,c5to9,c10to14,c15to29,c30to35,aet,cwd,tmn
3,27,0,20.9408,150.101,1,0,0.650114,1,0,0,0,0,0,507.992,667.795,7
3,2021,2,18.0671,188.893,1,0,0.663465,1,0,0,0,0,0,508.25,668.25,7
3,1427,3,11.1064,153.336,1,0,0.629139,1,0,0,0,0,0,502.6,667.6,7
3,144,3,37.9221,133.336,1,0,0.756327,1,0,0,0,0,0,505,663,7
3,1463,1,15.8534,146.474,1,0.0669569,0.542908,1,0,0,0,0,0,504.688,671.811,7
3,1811,3,5.58309,186.67,1,0,0.259399,1,0,0,0,0,0,496.4,692.4,7
3,1700,3,2.80854,135.188,1,0,0.136324,1,0,0,0,0,0,460,733,7
3,441,3,18.3768,150.003,1,0,0.62268,1,0,0,0,0,0,512,658,7
3,2062,1,18.4879,158.998,1,0,0.669706,1,0,0,0,0,0,513.107,673.179,7
3,2069,3,24.3578,115.558,1,0,0.711446,1,0,0,0,0,0,515,675,7
4,922,0,21.8627,145.72,1,0,0.615452,1,0,0,0,0,0,484.317,676.638,7
4,1387,0,32.2974,123.483,1,0,0.615886,1,0,0,0,0,0,525.075,660.566,7
4,511,1,31.7008,115.126,1,0,0.675743,1,0,0,0,0,0,507.583,657.583,7
4,712,1,12.6953,172.467,1,0,0.644365,1,0,0,0,0,0,431.652,720.217,7
4,2550,1,19.7177,134.785,1,0,0.511364,1,0,0,0,0,0,516.122,662.417,7
4,3354,2,21.6239,137.04,1,0,0.660685,1,0,0,0,0,0,496.167,654.5,7
4,1880,1,19.9778,166.783,1,0,0.627901,1,0,0,0,0,0,466.51,683.571,7
4,3457,1,12.0314,176.771,1,0,0.545859,1,0,0,0,0,0,500.091,656.182,7
4,3979,1,11.2114,162.937,1,0,0.698258,1,0,0,0,0,0,476.719,686.688,7
5,872,2,29.7019,150.98,4.329,0.192647,0.597518,0.294372,0.437229,0.180952,0.038961,0.0484848,0,459.376,639.082,5.83529
5,33,1,17.619,156.417,17.6462,2.57389,0.476203,0.263491,0.326267,0.13326,0.064152,0.0770925,0.135738,454.826,641.95,5.34109
5,427,3,25.7191,126.587,6.5627,0.519531,0.53149,0.407524,0.375392,0.112853,0.00940439,0.0783699,0.0164577,462,637.143,5.5
5,600,0,46.9954,114.705,2.33309,0.221422,0.609557,0.504501,0.380627,0.100108,0.00720202,0.00756212,0,458.372,649.48,5.74349
5,393,2,31.8868,134.04,4.09947,0.219318,0.551214,0.385833,0.425772,0.0957046,0.0324039,0.0339111,0.0263753,440.655,674.109,5.4
5,595,2,40.9993,118.774,3.01008,0.516972,0.577953,0.457661,0.389516,0.0995968,0.0181452,0.0350806,0,451.862,660.543,5.85345
5,523,0,40.6491,124.952,2.969,0.2475,0.574673,0.474593,0.344512,0.142276,0.00762195,0.0309959,0,457.154,643.623,5.86286
5,771,1,34.6658,141.184,5.86399,0.417799,0.556783,0.321642,0.366125,0.166809,0.0684346,0.0128315,0.0641574,460.63,631.543,5.66304
5,841,3,24.3857,125.875,3.37001,1.72603,0.492825,0.411125,0.385732,0.169287,0.00362757,0.0302297,0,456.973,656.219,5.76712
5,996,3,31.8275,128.601,3.2056,0.350694,0.538263,0.384,0.4368,0.1048,0.0448,0.0296,0,449.741,662.13,6
6,12,2,18.1416,100,1,0,0.420478,1,0,0,0,0,0,473,612,5
6,1429,0,29.396,136.481,3.69607,0.659375,0.45164,0.34464,0.41791,0.162822,0.0434193,0.0217096,0.00949796,395.033,730.617,6
6,1246,0,42.0956,147.521,3.82039,0.0490385,0.570446,0.376593,0.375435,0.136732,0.0637312,0.0475087,0,387.615,720.723,5
6,1389,2,28.8262,162.963,15.5741,1.76086,0.464678,0.255762,0.346351,0.184166,0.054204,0.0765045,0.0830132,378.152,716.441,5.01252
6,615,2,13.1574,151.8,6.56907,1.72975,0.336695,0.285567,0.336082,0.176289,0.0989691,0.0453608,0.057732,372.31,738.394,5
6,870,3,19.5283,129.246,4.67292,3.24425,0.35654,0.34585,0.386364,0.144269,0.0563241,0.0602767,0.006917,377.563,733.241,5
6,1067,0,42.2669,175.362,7.30579,0.0244565,0.588558,0.229568,0.358127,0.212121,0.0661157,0.0495868,0.0844812,422.029,660.942,4.44928
7,336,0,15.0348,149.469,4.45626,0.0843056,0.566528,0.326588,0.384158,0.184521,0.0617824,0.0304782,0.0124721,416.914,716.308,5
7,185,3,7.6099,169.902,4.5952,0.0039557,0.417754,0.261589,0.335265,0.315397,0.0645695,0.0165563,0.00662252,416.823,699.81,5
7,1496,0,12.4964,134.928,3.42651,0.54176,0.60501,0.342319,0.435007,0.179099,0.0313885,0.0121861,0,422.906,674.901,5.58296
7,910,3,12.047,162.222,7.625,0.05,0.466285,0.27968,0.364155,0.206621,0.0605023,0.043379,0.0456621,416.1,709.45,5
7,522,1,6.63263,160.118,5.89248,0.916587,0.400328,0.262137,0.369525,0.198549,0.0758575,0.0828496,0.0110818,428.517,673.937,5.15019
7,1338,3,11.6851,142.361,3.84228,0.504557,0.456404,0.346341,0.378049,0.188618,0.0617886,0.0252033,0,433.229,654.958,5.63542
7,3289,3,8.60003,165.309,4.77894,0.0239583,0.492936,0.272218,0.387229,0.208738,0.0802838,0.051531,0,416.117,702.944,5
7,2302,1,7.59229,151.7,3.95251,2.26826,0.478998,0.282274,0.402341,0.2301,0.0652174,0.0200669,0,428.137,668.142,6
7,2514,3,17.1798,152.84,3.97254,0.00138889,0.555759,0.311793,0.411955,0.203554,0.0565428,0.0161551,0,416,714.067,5
7,2833,1,10.4459,163.791,4.58978,0.0316176,0.543634,0.272147,0.37909,0.214685,0.0861931,0.0478851,0,416,714.918,5
7,3114,0,8.36587,148.848,3.86846,0.970274,0.471389,0.307237,0.428311,0.189804,0.0414201,0.0332271,0,432.043,670.78,6
7,3157,0,30.1106,124.646,3.10373,0.0170455,0.651776,0.442464,0.382496,0.126418,0.0178282,0.0307942,0,416.164,712.345,5
7,4020,1,7.26097,188.889,5.29412,0,0.7272,0.0588235,0.176471,0.647059,0.117647,0,0,416,725,5
8,366,1,7.03101,147.421,3.85464,0.260045,0.446433,0.300135,0.425303,0.15074,0.103634,0.0201884,0,410.196,732.179,5
8,85,2,18.6713,137.624,3.39728,0.282178,0.489548,0.36211,0.392486,0.198241,0.0239808,0.0231815,0,430.851,734.485,5.0198
8,6,0,31.7595,136.049,3.26627,0.0126984,0.604027,0.407311,0.364273,0.164895,0.0438164,0.0197044,0,412.692,740.34,5.05714
8,280,3,10.8609,155.93,3.77102,0.184691,0.518905,0.306645,0.405124,0.204964,0.0632506,0.020016,0,410.685,733.539,5
8,2090,1,8.0604,157.121,4.62251,0.096831,0.41125,0.277888,0.389442,0.219124,0.0587649,0.0547809,0,410.239,703.944,5
8,2154,0,27.2084,138.367,3.74304,0.0247449,0.550027,0.380859,0.362832,0.171747,0.057686,0.0203212,0.00655523,407.371,712.861,5
8,1453,1,19.8788,146.667,3.63912,0,0.552017,0.370523,0.359504,0.18595,0.0633609,0.0206612,0,407.036,742.2,5.32727
8,1285,2,33.8334,133.045,3.23427,0.0868506,0.574642,0.463124,0.347072,0.117137,0.0260304,0.0466377,0,403.455,737.571,5.1039
8,1391,3,7.92404,156.209,5.56172,0.995404,0.437776,0.278243,0.343096,0.225941,0.0376569,0.115063,0,407.397,714.471,5
8,1895,2,22.9473,162.424,7.54353,0.00113636,0.544822,0.24005,0.373134,0.196517,0.0820896,0.0447761,0.0634328,403.945,728.273,5
8,2001,3,16.8582,136.508,3.23953,0.188095,0.500069,0.386822,0.417054,0.143411,0.0341085,0.00930233,0.00930233,407.981,707.514,5
8,2230,1,10.8032,157.176,4.0648,0.00520833,0.435315,0.28866,0.385862,0.21944,0.078056,0.0279823,0,401.354,734.146,5
9,1507,0,16.0636,158.11,5.18376,0.168458,0.593923,0.275975,0.367529,0.220281,0.0763168,0.0430842,0.0168133,425.064,686.49,5.23738
9,88,1,5.27674,139.039,3.39633,2.73649,0.323328,0.317495,0.453564,0.179266,0.0302376,0.0194384,0,439.419,673.73,5.83784
9,1126,1,5.8969,134.722,4.47552,3.58301,0.340849,0.284794,0.456186,0.152062,0.0399485,0.0670103,0,495.266,618.406,6
9,425,3,8.90169,148.839,4.40891,1.32929,0.442464,0.29415,0.394429,0.1961,0.0679666,0.0473538,0,432.052,677.694,5.39552
9,371,3,9.04749,165.465,5.1948,0.800957,0.451829,0.235632,0.356322,0.262855,0.0674531,0.0777374,0,452.045,666.396,5.77928
9,1573,2,13.0737,153.025,4.31272,0.0334158,0.481216,0.312725,0.360891,0.206326,0.0711718,0.0488857,0,421.059,691.861,5
9,1822,1,3.26836,154.752,7.01817,4.17922,0.285363,0.223183,0.357266,0.222318,0.0752595,0.0579585,0.0640138,461.711,650.867,6.04819
9,1541,3,6.09481,151.638,5.04138,2.01326,0.361355,0.252725,0.359104,0.247679,0.0793298,0.0611627,0,442.672,673.317,5.78237
9,1811,0,7.22216,140.497,4.32258,2.21793,0.451331,0.280957,0.404787,0.198751,0.0884495,0.0270552,0,441.684,674.579,5.94737
9,2472,3,7.09838,161.905,6.11091,0.522321,0.469271,0.234681,0.429534,0.184436,0.0226716,0.0863971,0.0422794,413.42,696.938,5
9,2441,0,12.8916,152.951,3.82633,0.166016,0.463325,0.288309,0.413167,0.222474,0.0658343,0.0102157,0,437.094,677.5,5.875
10,349,1,7.28262,104.805,3.91117,12.3336,0.193657,0.362464,0.366762,0.153295,0.0744986,0.0429799,0,477.419,609.338,5
10,62,0,34.1931,125.849,3.36508,1.79749,0.373625,0.393904,0.402352,0.137154,0.046215,0.0150737,0.00530065,487.189,602.034,4.80675
10,172,3,18.804,95.8663,2.70765,9.9558,0.230537,0.439755,0.401223,0.122936,0.0351682,0.000611621,0.00030581,496.865,594.533,5
10,1304,2,13.8821,124.907,4.76946,6.22813,0.261247,0.289844,0.372128,0.191253,0.084507,0.0622683,0,477.942,608.742,4.70833
10,830,2,13.0546,121.354,5.18455,7.45898,0.248006,0.287554,0.387697,0.214592,0.0386266,0.0243205,0.0472103,484.234,608.078,5
10,1443,1,6.90301,99.537,3.61395,9.74089,0.186216,0.418605,0.323256,0.165116,0.0534884,0.0395349,0,426.292,662.688,5
11,1509,3,15.2947,150.522,5.73249,2.53259,0.326882,0.229653,0.341325,0.233438,0.0763407,0.119243,0,293.735,684.325,4.04274
11,34,1,16.6236,151.111,5.08339,2.57485,0.41082,0.260581,0.373027,0.2066,0.0997131,0.0480631,0.0120158,290.493,674.483,4.0439
11,1359,3,21.3497,144.086,5.12438,2.3996,0.340411,0.295522,0.357711,0.179104,0.0915423,0.0761194,0,300.865,694.484,4.26452
11,1072,2,25.4828,168.293,6.89291,0.224848,0.407434,0.28744,0.297101,0.226248,0.037037,0.115137,0.037037,298.098,659.488,4
11,1221,0,21.5092,154.739,4.68796,0.732996,0.352234,0.282999,0.360084,0.214361,0.0997888,0.0427666,0,299.037,692.338,4.13971
11,1125,1,18.789,140.885,4.76299,4.5918,0.341605,0.292257,0.384679,0.201068,0.0462107,0.0692134,0.00657219,301.865,686.891,4.07292
11,1781,3,15.0245,140.431,4.45247,3.24715,0.291829,0.293923,0.382972,0.233153,0.0454272,0.034296,0.0102286,302.034,694.422,4.10646
11,2015,0,27.6628,158.982,5.05265,0.64207,0.380672,0.278633,0.387007,0.172106,0.0920567,0.0600369,0.0101601,301.026,703.982,4.22026
11,2983,3,23.0872,180,5.22634,0.0305556,0.39257,0.256516,0.360768,0.241427,0.0658436,0.0754458,0,300.889,702.533,4.06667
22,1563,2,40.8437,152.039,3.99722,0.215981,0.451673,0.323774,0.379278,0.165587,0.102683,0.0286772,0,407.456,585.785,4
22,33,3,31.2909,149.68,7.33736,1.99318,0.349366,0.292952,0.33272,0.200457,0.0633331,0.074085,0.0364533,409.063,592.001,3.76587
22,76,1,22.1671,118.456,5.58029,6.24576,0.259803,0.295707,0.316375,0.216216,0.0588235,0.112878,0,422.068,616.136,4
23,2153,2,24.0365,146.575,4.45587,0.0776256,0.581312,0.351333,0.382831,0.156456,0.0560748,0.0373832,0.0159225,454.137,606.772,4
23,1454,2,31.5384,138.636,3.09472,0,0.680989,0.397086,0.411658,0.140255,0.0163934,0.0346084,0,449.273,617.477,5
23,33,0,32.2552,132.817,3.28249,0.0206395,0.60622,0.422179,0.388327,0.129767,0.0301556,0.0223735,0.00719844,450.077,620.435,4.95581
23,773,1,18.8816,156.746,4.86667,0.123512,0.532625,0.309705,0.374684,0.186498,0.0632911,0.0658228,0,443.5,623.5,5
23,1590,1,16.651,152.444,3.8758,0.098,0.515642,0.305539,0.427405,0.173761,0.0723032,0.0209913,0,446.624,621,5
23,1926,2,18.091,156.643,4.54665,0.0427989,0.540202,0.313801,0.387047,0.171935,0.0663069,0.0609098,0,446.793,618.326,5
23,1822,0,27.1923,140.943,3.17009,0.0772727,0.546618,0.363115,0.420449,0.171046,0.0301003,0.0143335,0.000955566,446.2,616.091,4
23,4318,1,11.9302,155.123,4.57209,0.706169,0.416262,0.303256,0.329302,0.248372,0.0613953,0.0576744,0,467.571,593.584,5
23,5122,2,19.6221,146.101,4.28019,0.0320724,0.551946,0.327885,0.386925,0.179787,0.0436958,0.0617078,0,466.658,598.912,5.32895
23,3712,0,25.5282,134.49,3.01254,0.12039,0.584954,0.404659,0.413082,0.131541,0.0351254,0.0155914,0,464.978,601.102,5.34056
23,2150,1,14.7806,159.191,7.12236,0.0733025,0.497058,0.297717,0.381301,0.145627,0.0590263,0.0728134,0.0435157,450.451,604.735,4.00617
23,2923,2,14.0685,155.556,2.14286,0,0.5649,0.428571,0.428571,0.142857,0,0,0,440,620,4
23,3099,3,14.4221,167.111,6.74601,0,0.499123,0.292553,0.352394,0.140957,0.081117,0.110372,0.0226064,450.26,606.14,4.38
23,5677,2,17.5044,149.059,3.86314,0.140027,0.529797,0.338086,0.400815,0.170672,0.0639511,0.0264766,0,467.656,599,5.47541
24,88,1,14.6052,157.9,4.05487,0.206995,0.503059,0.307941,0.394448,0.212395,0.0374435,0.0477728,0,464.954,595.11,4.7156
24,2286,0,21.5946,143.187,3.56325,0.0728659,0.537926,0.375047,0.386176,0.168294,0.0423196,0.0253615,0.00280112,464.072,599.784,4.83415
24,2378,1,18.1435,156.818,3.87118,0.12358,0.53329,0.325282,0.42029,0.148148,0.078905,0.0273752,0,472.227,604.273,5.40909
24,2647,2,15.3028,152.826,4.73801,0.225036,0.486934,0.305651,0.387653,0.181761,0.0546328,0.0613183,0.0089836,465.948,602.007,5.07615
24,1783,1,11.3332,158.705,4.7161,0.528051,0.422464,0.275083,0.390849,0.194598,0.0788313,0.0606395,0,463.173,606.724,5
24,1089,1,15.0205,165.134,6.87471,0.358836,0.427554,0.256381,0.341067,0.186775,0.11949,0.0568445,0.0394432,455.31,604.414,4.67241
24,1453,0,22.8873,151.556,3.66862,0,0.587232,0.322581,0.408602,0.189638,0.0674487,0.0117302,0,471.173,600.453,5.2
24,3029,2,19.7353,153.39,5.00767,0.0243644,0.49633,0.320749,0.369552,0.188766,0.0598527,0.0417434,0.019337,473.081,597.246,5.35593
24,2731,1,11.6776,155.083,6.82317,1.21144,0.38876,0.27439,0.323171,0.214939,0.0929878,0.0487805,0.0457317,462.17,583.574,4.85106
24,3308,1,11.6979,145.272,4.01098,0.615691,0.435257,0.327502,0.388934,0.166395,0.083808,0.0333605,0,487.388,606.074,5.90957
25,920,1,13.7314,177.513,14.1256,0.0975765,0.494498,0.217799,0.313604,0.185225,0.0819672,0.0809027,0.120502,499.378,611.656,6.5102
25,89,3,18.2872,182.704,16.0282,0.424433,0.481806,0.201287,0.278493,0.16299,0.0840993,0.0891544,0.183977,501.184,614.071,6.89169
25,974,0,43.6332,140.564,5.56796,0.0681217,0.625226,0.387704,0.370138,0.145546,0.0506064,0.00669176,0.0393141,501.048,616.593,6.75661
25,1167,2,41.9402,138.507,3.16289,0.0391221,0.601732,0.379057,0.417636,0.151868,0.0471525,0,0.00428659,500.863,614.924,6.68702
25,1251,3,10.7196,182.123,6.54048,0.0665064,0.492303,0.199844,0.335158,0.233868,0.116543,0.0887759,0.0258115,488.609,599.321,5.73077
39,1443,2,21.6932,141.593,7.09501,4.65892,0.387673,0.283134,0.358372,0.182084,0.0743227,0.0626068,0.0394801,150.154,382.656,3.14308
39,1951,0,43.3766,163.732,4.26633,0.0925708,0.488632,0.270807,0.397567,0.225352,0.0742638,0.0320102,0,386.906,646.142,3.50943
39,2281,1,22.6089,175.283,7.65201,0.0561224,0.468168,0.22251,0.326003,0.209573,0.10608,0.084088,0.0517464,419.082,602.265,3.38776
39,3597,0,29.6395,176.836,13.1821,0.128178,0.524853,0.249201,0.269436,0.177849,0.0713525,0.0479233,0.184239,374.441,661.305,3.72881
40,2002,2,22.8237,177.815,8.09973,0.950952,0.397861,0.205876,0.306228,0.217463,0.115456,0.104697,0.0502793,318.258,641.937,2.68874
40,27,0,22.059,151.401,5.67135,4.03804,0.355918,0.26739,0.353542,0.194001,0.0918953,0.0861519,0.00701978,342.67,643.27,3.26957
40,1366,3,33.4155,144.972,4.45389,1.4217,0.39141,0.318239,0.37764,0.183896,0.0663213,0.0485644,0.00533892,330.38,623.154,2.37771
40,537,1,40.9752,98.6395,2.27126,9.09056,0.333226,0.48046,0.393103,0.126437,0,0,0,378.102,540.163,2
40,424,1,19.8605,162.185,6.22722,1.07438,0.374909,0.234528,0.359443,0.200959,0.110299,0.0781,0.0166705,323.063,636.45,2.7
40,1439,0,28.798,187.083,9.40015,0.147656,0.479072,0.236823,0.275427,0.197476,0.0549369,0.148478,0.0868597,336.762,625.25,2.8875
41,616,1,2.73234,122.132,4.29908,8.1417,0.260005,0.303499,0.393738,0.216575,0.0434622,0.0327808,0.00994475,360.66,454.198,2.15789
41,18,2,25.6649,141.162,4.45707,1.79013,0.322721,0.310823,0.366726,0.216011,0.0523256,0.049195,0.0049195,260.051,568.83,2.85795
41,1329,2,7.29763,130.864,4.61051,2.4494,0.364265,0.326146,0.327493,0.190027,0.097035,0.0592992,0,391.127,432.984,2
41,254,0,28.7425,164.983,5.68469,0.392045,0.348994,0.228571,0.373469,0.208163,0.0867347,0.103061,0,254.273,557.758,2.84848
41,1480,0,33.1172,124.648,4.37482,4.6223,0.333081,0.356319,0.358962,0.179721,0.0480538,0.0485344,0.00840942,396.291,444.054,1.97035
41,1874,1,3.61115,103.779,3.23804,9.19987,0.244047,0.402717,0.390217,0.163043,0.0298913,0.0141304,0,322.406,459.898,1.19797
41,1384,3,14.928,122.464,3.41749,3.37409,0.366692,0.363577,0.412886,0.178172,0.00920447,0.0361604,0,398.79,445.833,2
41,1942,3,16.8623,85.0187,2.44934,11.6901,0.236214,0.489966,0.375918,0.115516,0.0186001,0,0,349.648,453.371,1.34831
41,2858,2,10.417,99.0113,2.67095,9.13083,0.265854,0.437946,0.392772,0.14408,0.0180694,0.00713267,0,278.97,493.39,1.32627
41,2875,1,4.81178,87.037,2.5607,17.4926,0.188405,0.433041,0.419274,0.133917,0.0137672,0,0,246.382,507.333,1.07843
42,10162,3,34.289,127.784,5.0584,3.55116,0.308105,0.337997,0.356802,0.17039,0.0550243,0.0621905,0.0175959,401.573,562.696,3.13727
42,256,2,38.8265,154.274,6.89197,1.40144,0.300748,0.265928,0.361496,0.206371,0.0595568,0.0360111,0.0706371,407.058,531.365,3
42,7048,0,67.2676,140.19,4.67074,1.01786,0.437794,0.346467,0.353714,0.169837,0.0606884,0.0538949,0.0153986,374.937,583.211,3
42,5916,0,59.959,125.441,3.87355,3.00819,0.393419,0.404398,0.37752,0.141112,0.0219914,0.0274893,0.0274893,401.648,526.31,3
42,13473,1,37.5038,110.939,3.61646,5.09399,0.271024,0.354814,0.40295,0.153727,0.0675466,0.0209627,0,363.961,591.186,3
42,6899,2,32.9606,119.854,3.70111,4.98531,0.302141,0.349544,0.382472,0.193009,0.0440729,0.0288754,0.00202634,363.12,592.552,2.81967
42,7328,1,18.6589,90.3308,2.73146,9.52624,0.213018,0.440376,0.412207,0.0995305,0.0478873,0,0,411.298,510.107,2.26718
42,9794,1,13.8724,92.1147,2.78016,9.91028,0.222411,0.447471,0.348249,0.171206,0.0214008,0.0116732,0,364.355,611.403,3
42,9330,1,12.5964,101.323,3.60139,10.3795,0.19071,0.395997,0.335074,0.178416,0.0626632,0.0278503,0,389.476,574.278,2.77778
42,10015,0,29.8078,137.116,4.52356,0.589096,0.360631,0.364368,0.357471,0.149425,0.0321839,0.0965517,0,492.227,563.567,4
42,10309,1,11.943,109.689,3.6329,8.4335,0.219432,0.34846,0.402755,0.179092,0.041329,0.028363,0,454.128,593.152,4
42,12209,0,56.6576,135.313,3.67851,0.740376,0.42319,0.390254,0.386276,0.148743,0.0397784,0.0257139,0.00923427,449.33,549.145,3.61419
42,11956,1,23.1534,126.241,4.3427,3.89628,0.261067,0.307116,0.382022,0.191011,0.093633,0.0262172,0,408.234,600.277,3.42553
42,12426,3,62.8884,164.957,9.58179,0.472527,0.379933,0.273871,0.30644,0.146558,0.0747594,0.0710585,0.127313,468.945,525.11,3.59341
42,14631,3,37.7146,124.91,5.54663,6.83266,0.252032,0.347202,0.338594,0.166428,0.0315638,0.0645624,0.0516499,310.452,638.613,3
43,903,3,53.7468,128.667,4.55095,3.78125,0.410464,0.331606,0.34715,0.164076,0.0829016,0.074266,0,428.2,623.2,4
43,26,2,56.4649,127.584,3.78004,0.373756,0.466571,0.436742,0.357886,0.115829,0.0371173,0.049249,0.00317735,445.803,606.257,4.14096
43,706,3,34.787,125.327,4.38592,1.14798,0.372034,0.35854,0.327249,0.207301,0.0508475,0.0560626,0,426.118,617.309,4
43,610,1,38.9807,163.862,6.15537,0.181432,0.444268,0.294931,0.321264,0.206715,0.074391,0.0684661,0.034233,436.718,615.631,4
43,447,1,20.457,124.49,9.08561,1.75383,0.337105,0.335155,0.357013,0.169399,0,0.0327869,0.105647,429.143,605.347,4
43,1213,0,65.6204,124.317,2.83759,0.451786,0.529625,0.481614,0.359551,0.103677,0.0306435,0.0245148,0,432.954,627.783,4
43,1306,2,56.3467,154.641,6.11243,0.0698529,0.45147,0.344886,0.320372,0.167371,0.0726965,0.0304311,0.0642434,432.071,628.529,4
44,12,0,35.7656,132.975,3.20432,0.0496495,0.577824,0.423186,0.39053,0.125018,0.0348573,0.0220787,0.00433054,421.951,610.489,3.83602
44,3387,2,24.6649,145.646,4.15148,0.255709,0.551207,0.352467,0.383092,0.155327,0.0634513,0.0372272,0.00843572,437.726,585.692,3.97596
44,4590,1,19.5627,153.899,4.75047,0.249452,0.482471,0.322356,0.350855,0.188727,0.0614313,0.0595313,0.0170994,443.035,578.868,3.74561
44,5339,3,20.4688,166.213,4.42769,0,0.537518,0.300819,0.38472,0.201228,0.0504775,0.0627558,0,419.918,614.327,4
45,65,3,53.1058,114.383,2.23123,0.713574,0.454385,0.510727,0.380215,0.0965435,0.0125149,0,0,369.798,569.018,3.65031
45,2141,1,43.7271,106.589,2.77871,1.29868,0.389241,0.435625,0.393197,0.125457,0.0402341,0.00548647,0,395.182,512.098,4.01053
45,531,2,56.3502,112.005,2.49587,0.963542,0.458686,0.479048,0.396522,0.0964937,0.0192417,0.00798176,0.000712657,371.658,546.678,3.77586
45,1669,2,46.8285,109.924,2.40726,0.503034,0.398676,0.45633,0.39843,0.13052,0.0147203,0,0,405.184,532.35,4.53398
45,1179,0,63.2953,108.648,2.63574,0.1875,0.492837,0.518187,0.370585,0.0911966,0.00527148,0,0.0147601,336.675,570.969,3.84021
45,200,2,57.5226,106.25,2.06754,0.30013,0.475624,0.526144,0.383442,0.0904139,0,0,0,363.062,556.458,3.01042
45,1927,3,53.2181,108.317,2.27739,1.17604,0.425681,0.51047,0.386646,0.0792109,0.0236722,0,0,402.402,527.127,4.12722
45,2094,3,46.9373,109.912,2.44545,0.843076,0.426697,0.492,0.364,0.130909,0.00727273,0.00581818,0,400.626,528.403,4.36691
45,2715,0,61.6267,106.173,1.99922,0.619444,0.452908,0.523256,0.404651,0.072093,0,0,0,400.326,522.652,4.28148
46,32,1,29.1468,99.1111,2.63229,10.6285,0.356168,0.417489,0.438117,0.121076,0.0174888,0.0058296,0,368.52,542.452,3.548
46,2184,3,31.1236,100.032,2.58541,4.23952,0.381034,0.464621,0.388925,0.117309,0.0276878,0.00145725,0,279.511,618.458,3.0605
46,2373,3,26.6498,89.8642,2.33217,7.15125,0.299315,0.484109,0.418217,0.0748062,0.0158915,0.00697674,0,332.041,574.191,3
46,2596,3,39.8626,100.751,2.20268,3.44003,0.43719,0.514158,0.390462,0.09538,0,0,0,375.081,543.797,3.83784
46,771,3,49.4991,106.63,2.45107,1.06112,0.440888,0.514105,0.37795,0.0849165,0.00805987,0.00633276,0.00863558,393.569,525.246,3.67127
46,782,0,52.0935,105.144,1.99413,1.64468,0.451728,0.566862,0.348989,0.0769733,0.00717547,0,0,397.377,525.117,3.70988
46,1706,0,58.2967,104.131,1.92955,0.729167,0.43853,0.545144,0.396717,0.0581395,0,0,0,361.692,540.5,3.26923
46,7747,2,45.346,94.2669,2.23681,1.98844,0.420388,0.509957,0.384284,0.0936491,0.0121098,0,0,367.073,622.126,4.40639
46,2370,2,29.9332,95.8824,2.22222,3.94044,0.333606,0.489434,0.400818,0.109748,0,0,0,288.471,615.288,3
46,2722,1,24.8534,89.418,2.38166,10.5647,0.305528,0.492604,0.381657,0.106509,0.0192308,0,0,405.631,534.179,4
46,2929,2,27.1659,90.9392,2.304,4.55618,0.331815,0.511273,0.389091,0.0683636,0.0312727,0,0,266.542,624.679,3
46,4916,1,17.3227,75,2.67901,9.35807,0.300596,0.521605,0.382716,0.0185185,0.0308642,0.0462963,0,278.292,631.25,3.02083
46,9126,0,35.2033,109.697,2.31492,0.885227,0.392315,0.489871,0.379374,0.123389,0.00736648,0,0,356.4,638.891,4.58182
46,5633,3,3.61841,77.7778,1.85714,26.6875,0.125356,0.428571,0.571429,0,0,0,0,264,622,3
46,7599,1,32.8211,92.0635,1.98707,2.62426,0.421415,0.510057,0.432471,0.0574713,0,0,0,405.393,544.714,4.07143
46,6105,0,26.1803,107.35,2.63535,4.38942,0.347795,0.437898,0.401274,0.138535,0.022293,0,0,332.954,596.723,3.53846
46,7517,3,44.5446,110.734,2.41803,1.56663,0.406105,0.467837,0.411933,0.0994445,0.0207848,0,0,418.621,572.334,4.925
46,7533,2,43.7317,106.705,2.2711,1.21013,0.392504,0.475763,0.409336,0.109515,0.005386,0,0,427.931,566.466,5
46,12667,3,38.1708,103.009,2.51837,3.05156,0.367228,0.473059,0.392547,0.107659,0.0165153,0.0102188,0,362.606,638.655,4.70622
46,7614,0,49.9705,101.417,2.30549,1.1654,0.453782,0.511591,0.379803,0.0816132,0.0215942,0.00539854,0,356.765,642.38,4.55072
46,7616,3,32.7553,115.033,3.06405,1.76203,0.413852,0.407025,0.39876,0.141529,0.0335744,0.0191116,0,342.77,619.519,4.2246
46,7633,1,15.6294,92.1569,2.42411,5.76618,0.315703,0.47234,0.407092,0.0907801,0.0297872,0,0,338.8,597.965,3.94118
46,8639,1,21.2798,104.357,3.11865,4.12582,0.310386,0.413361,0.388657,0.134656,0.0445372,0.0187891,0,357.346,618.281,4.41176
46,8653,2,38.3318,78.1676,1.92269,5.93311,0.341515,0.571072,0.346633,0.0822943,0,0,0,357.193,649.14,4.63158
46,8781,0,45.4607,92.2559,2.12865,4.04735,0.36407,0.486314,0.415146,0.0985401,0,0,0,368.394,600.439,4.30303
46,8950,3,49.6801,95.7778,1.98318,1.86844,0.449549,0.547564,0.387471,0.0591647,0.00580046,0,0,372.37,667.79,5
46,8953,1,37.6932,80.4382,1.76848,5.78961,0.362347,0.59144,0.361868,0.0466926,0,0,0,357.521,649.93,4.73239
46,12209,0,58.0873,109.243,2.34473,0.987832,0.439342,0.50045,0.392439,0.0837084,0.00990099,0.0135014,0,395.841,634.566,5.27434
47,1869,3,30.7635,158.509,4.47294,0.0300633,0.421904,0.301686,0.30701,0.278616,0.0878438,0.0248447,0,404.709,651.456,4.60759
47,16,2,32.9035,106.104,2.63801,3.79398,0.357471,0.444732,0.409825,0.120233,0.0252101,0,0,395.333,553.938,4
47,638,1,19.8417,104.886,2.96554,3.47967,0.354389,0.423101,0.430121,0.0899809,0.0389279,0.0178685,0,384.777,591.139,4
47,1320,3,28.2549,141.107,4.92544,0.836424,0.406713,0.338477,0.36011,0.171762,0.0468705,0.0630228,0.0197577,404.161,627.549,4.21245
47,2003,3,33.7785,128.075,2.93416,1.5346,0.365815,0.382649,0.410534,0.176607,0.0302091,0,0,387.161,646.848,4.07143
47,2258,1,26.5748,148.183,4.70007,0.424467,0.404925,0.327292,0.352701,0.181237,0.0712509,0.0609453,0.00657427,404.974,649.363,4.46682
47,2611,0,31.6452,145.66,4.21871,0.0473633,0.477053,0.3677,0.385578,0.134684,0.0548272,0.0381406,0.0190703,513.016,566.578,5
47,3783,0,35.4767,126.24,3.30335,0.766836,0.442684,0.431796,0.366515,0.148912,0.0295551,0.0123417,0.0108802,395.539,649.517,4.35978
47,3961,2,24.9938,146.454,4.36752,2.18436,0.409526,0.332444,0.374762,0.180709,0.0686237,0.0434617,0,457.075,613.06,5
47,2866,2,32.627,114.719,3.3044,2.7224,0.379182,0.413208,0.383019,0.153459,0.0144654,0.0358491,0,411.617,657.519,4.9026
60,46,3,14.1726,144.786,11.6363,11.0645,0.336211,0.212601,0.268249,0.180822,0.0817374,0.144463,0.112129,508.588,426.901,2.08137
60,1898,0,34.4245,148.965,5.73079,0.879175,0.454995,0.329911,0.388948,0.156727,0.0537521,0.0321607,0.0385022,464.174,470.567,2.16194
60,104,1,6.62872,85.5967,3.35817,17.9734,0.179884,0.413462,0.420673,0.115385,0.00480769,0.0384615,0.00721154,516.537,411.167,2
60,64,3,17.3857,152.717,36.6441,9.3519,0.379672,0.218664,0.266509,0.10083,0.0624753,0.122974,0.228549,396.973,526.94,2
60,1731,2,33.3395,157.596,3.98993,0.00127551,0.476973,0.28777,0.397122,0.2,0.115108,0,0,368.347,561.755,2
60,378,1,9.62311,135.238,26.0986,13.9223,0.294721,0.219484,0.239437,0.169014,0.0305164,0.056338,0.285211,396,528.7,2
61,2507,3,35.8645,100,2.80581,6.2348,0.350898,0.454454,0.381381,0.143143,0.002002,0.019019,0,325.865,468.243,0
61,108,0,31.9502,161.492,8.85203,4.71661,0.334532,0.200754,0.295005,0.137606,0.150801,0.148916,0.066918,295.644,482.041,0
61,1620,1,26.6676,87.2117,2.70192,8.19255,0.302268,0.472184,0.407967,0.084478,0.03125,0,0.00412088,326.296,464.698,0
61,536,3,27.0178,108.673,4.96434,8.89307,0.271977,0.37732,0.360663,0.144492,0.0473014,0.0479887,0.0222357,339.084,468.501,0.258996
61,922,0,59.825,129.04,4.62231,1.46733,0.461688,0.336595,0.395303,0.121331,0.0391389,0.107632,0,264.136,537.114,0
61,1159,1,15.7367,71.1844,2.46655,24.4993,0.204357,0.493997,0.353345,0.133791,0.0188679,0,0,266.725,537.56,0
61,1944,0,36.9537,111.263,2.9516,6.85538,0.290383,0.402522,0.420245,0.142127,0.0218132,0.0132924,0,354.137,461.57,0.525597
61,1185,1,29.4312,105.787,3.71116,8.31771,0.341959,0.38512,0.391685,0.102845,0.083151,0.0371991,0,291.125,510.708,0
61,4471,0,35.6691,124.401,8.19965,7.98284,0.293278,0.325744,0.374781,0.141856,0,0.0175131,0.140105,378.922,425.294,0
61,4967,2,25.6458,89.7569,2.77369,9.5332,0.229355,0.460348,0.388781,0.112186,0,0.0386847,0,380.125,427.766,0.03125
62,3113,0,49.476,117.481,2.35351,1.20611,0.394974,0.459857,0.42623,0.0958386,0.01219,0.00588483,0,274.258,585.693,1.44
62,374,3,27.4193,117.292,3.48413,5.70862,0.318683,0.385229,0.387827,0.155224,0.0449063,0.0268139,0,273.427,589.271,1.33203
62,3132,3,43.7652,111.931,2.73556,1.47643,0.399663,0.44345,0.430431,0.0829943,0.0179007,0.0252238,0,286.402,566.705,1.13934
62,383,1,7.33347,63.7778,1.98955,22.5425,0.15686,0.477352,0.484321,0.0383275,0,0,0,256.3,583.46,1
62,4497,1,13.1788,75.9156,1.98201,13.4811,0.233056,0.533933,0.392478,0.0727719,0,0.000817661,0,276.034,592.017,1.62011
62,3573,2,38.2545,110.784,2.37021,1.78585,0.372244,0.436578,0.414454,0.148968,0,0,0,286,580.118,1.83824
62,6004,3,41.4789,102.769,2.50815,3.49119,0.419389,0.470401,0.397377,0.109713,0.0184332,0.00407657,0,370.984,529.395,1.74262
62,4028,1,21.4322,114.327,2.7468,3.30016,0.31713,0.414322,0.421995,0.13555,0.028133,0,0,280.697,595.395,2
62,7882,3,39.8417,117.822,3.40526,2.54846,0.404093,0.413932,0.379542,0.142839,0.0364642,0.0218785,0.0053439,400.38,556.896,2.56
62,4483,3,16.6356,92.3342,2.22108,9.35514,0.266442,0.461754,0.459888,0.0597015,0.0186567,0,0,273.752,599.016,2
62,4850,3,22.7451,89.549,2.36855,6.30817,0.319124,0.472973,0.394349,0.132678,0,0,0,268.703,603.396,1.38614
62,5640,0,47.6038,106.748,2.43928,1.63701,0.4292,0.469274,0.412232,0.0917377,0.0164657,0.0102911,0,315.921,594.387,1.87006
62,5337,0,40.9684,85.2778,1.84365,6.92344,0.379233,0.537459,0.40228,0.0602606,0,0,0,301.675,571.888,1.25
62,5668,1,27.6858,83.5249,2.20642,9.21408,0.339108,0.477064,0.431193,0.0917431,0,0,0,354.184,529.747,1.68966
62,5556,2,26.3093,58.7571,2.36538,29.0466,0.225112,0.487179,0.397436,0.0897436,0.025641,0,0,363.305,522.847,1.76271
62,11552,1,19.0048,100.688,2.63721,4.95492,0.314654,0.445068,0.399292,0.128662,0.0227051,0.00427246,0,389.498,555.023,2.45796
62,11178,0,49.9995,113,2.38053,3.5125,0.406105,0.45821,0.424779,0.101278,0,0.0157325,0,432.5,592.74,3.42
62,7741,3,22.0604,130.996,4.50014,1.77023,0.355712,0.348614,0.370025,0.15317,0.0741147,0.0433708,0.0107055,348.385,586.184,2.31068
62,9264,0,65.8844,134.04,3.89525,0.443182,0.490411,0.362472,0.370008,0.195931,0.0271289,0.0444612,0,412.036,566.409,2.88182
63,3509,1,44.1985,103.543,4.54588,5.18659,0.374056,0.435459,0.371695,0.0777605,0.0357698,0.0264386,0.0528771,392.754,466.493,1
63,935,1,22.5699,85.1029,2.36944,7.9787,0.30446,0.480658,0.420696,0.0715667,0.0193424,0.00773694,0,365.215,452.822,0.2
63,1732,3,27.225,102.337,3.32831,9.18583,0.269302,0.418018,0.377579,0.144029,0.0311021,0.0268753,0.00239733,380.01,455.202,0.754213
63,1768,0,21.8643,126.537,4.26002,4.63653,0.257388,0.329923,0.374254,0.186701,0.0613811,0.0477408,0,384.272,436.553,1
63,2821,2,24.1047,118.018,4.49873,4.29764,0.290469,0.3743,0.360051,0.137659,0.0534351,0.0666667,0.00788804,368.319,460.595,0.818919
63,2627,1,15.2644,73.4488,2.11984,11.4732,0.255098,0.469548,0.436149,0.0884086,0.00589391,0,0,369.701,448.961,0.753247
63,3095,0,47.4777,119.296,2.88399,4.33482,0.363814,0.391268,0.429938,0.154678,0.0241164,0,0,393.268,466.929,1
63,5024,1,25.9226,84.127,2.43396,9.39158,0.272344,0.447439,0.425876,0.123989,0.00269542,0,0,396.286,446.816,1
63,3763,0,37.7355,118.449,2.88319,3.63325,0.334282,0.40885,0.4,0.166372,0.0247788,0,0,394.906,446.887,1
63,3845,2,44.5957,102.341,2.73647,6.8839,0.307386,0.476804,0.379832,0.0927835,0.038982,0.0115979,0,395.341,447.211,1
63,5995,1,23.8156,87.9792,2.45643,8.41667,0.291854,0.481536,0.391064,0.094904,0.0324963,0,0,353.836,492.848,1
63,4258,3,31.4187,107.462,3.82998,7.95446,0.274552,0.40615,0.367329,0.129404,0.0484305,0.0444587,0.00422806,386.408,473.059,1
63,4372,1,21.279,75.2924,2.73398,21.8183,0.190202,0.469903,0.384466,0.0815534,0.0640777,0,0,394.316,463.724,1
63,6331,2,25.978,114.848,3.39182,3.3929,0.36318,0.408971,0.379068,0.151715,0.0193492,0.0408971,0,267.155,579.4,1
63,4939,0,28.3352,110.282,3.73835,5.18377,0.237562,0.381955,0.345865,0.156391,0.0857143,0.0300752,0,394.582,445.97,1
63,6268,2,32.0783,147.176,12.3981,3.26466,0.287691,0.283003,0.275833,0.185576,0.0953184,0.0636862,0.0965837,367.659,490.385,1
63,6305,0,29.2111,105.208,3.21947,9.23926,0.210503,0.425743,0.367987,0.120462,0.0594059,0.0264026,0,401.312,457.906,1
64,3277,3,36.3187,127.329,3.50498,1.87841,0.415501,0.386426,0.395857,0.155575,0.0355223,0.0171882,0.00943147,364.191,485.125,1.4
64,2195,3,44.6473,108.569,2.32524,2.78867,0.373962,0.460538,0.457936,0.0607112,0.0208153,0,0,393.347,473.576,1
64,1151,0,25.586,140.252,4.81016,2.92807,0.39751,0.327354,0.349776,0.153961,0.0822123,0.0852018,0.00149477,301.83,570.792,2
64,3057,2,37.9632,121.57,3.7592,2.13017,0.342575,0.385328,0.374604,0.133073,0.0631245,0.0438703,0,389.608,479.275,1.10667
64,1363,0,52.6994,117.828,2.44209,0.716492,0.454893,0.457153,0.414844,0.112227,0.0150592,0.000717103,0,393.433,465.106,1.5057
64,4197,1,29.8981,116.667,2.74952,3.19188,0.371288,0.400952,0.412381,0.169524,0.0171429,0,0,393.08,476.5,1
64,2916,1,29.2449,121.676,2.71357,1.6793,0.378417,0.405689,0.417665,0.154192,0.0224551,0,0,392,460.612,1.19672
64,3126,3,31.6622,119.876,3.15352,2.32415,0.363186,0.389561,0.393974,0.171752,0.0307043,0.0140088,0,394.561,476.586,1.30849
64,4356,1,28.2383,107.551,2.81344,3.89745,0.363522,0.454865,0.383651,0.116349,0.0330993,0.0120361,0,396.937,486.393,1.52427
64,5383,0,34.3237,135.593,3.20833,1.99047,0.376225,0.359722,0.418056,0.158333,0.0611111,0.00277778,0,396.475,501.814,2
65,1813,2,22.4242,121.564,4.42248,6.06574,0.292484,0.347326,0.367637,0.157752,0.0744753,0.0528097,0,327.437,547.304,1.5037
65,359,1,30.5803,110.285,3.26517,6.15125,0.409228,0.378277,0.416854,0.152809,0.0400749,0,0.011985,365.892,498.323,1
65,134,3,31.1719,110.814,3.11409,4.77036,0.326967,0.416485,0.3968,0.131178,0.0353493,0.0201876,0,341.274,543.556,1.69507
65,956,0,31.3788,154.695,5.23672,0.727553,0.409317,0.287304,0.363177,0.161861,0.108245,0.0794133,0,257.732,621.183,1
65,1171,0,35.8139,110.918,2.66126,3.11091,0.35278,0.437753,0.42791,0.104806,0.0185292,0.0110017,0,395.948,477.682,2
66,4208,3,19.865,81.5359,2.25852,8.58548,0.287059,0.50501,0.400802,0.0701403,0.0240481,0,0,359.706,469.676,0.911765
66,4184,3,16.0547,106.667,2.08333,1.7125,0.2448,0.395833,0.604167,0,0,0,0,321,536,1
66,682,3,34.0107,107.754,3.81548,8.71922,0.342161,0.37515,0.385386,0.158284,0.0402801,0.0359374,0.004963,372.179,442.24,0.765793
66,341,1,18.0317,83.2858,2.69099,13.4663,0.247109,0.468643,0.378563,0.133409,0,0.0193843,0,347.068,433.085,0.74359
66,2496,1,14.264,65.6566,2.87308,16.3438,0.212008,0.471154,0.394231,0.0769231,0.025,0.0326923,0,377.864,424.67,0
67,2713,2,53.9205,136.296,3.09647,1.40104,0.417435,0.377717,0.413043,0.175272,0.0339674,0,0,397.167,520.367,3
67,914,3,41.5456,113.615,3.86078,8.82172,0.321049,0.387025,0.376759,0.16674,0.0300912,0.0293831,0.0100009,409.792,504.283,2.99095
67,95,0,59.3049,121.99,2.93944,1.5697,0.426378,0.399619,0.406772,0.154506,0.0319504,0.00715308,0,384.157,518.188,2.96859
67,4402,0,48.7558,107.179,2.24721,5.87981,0.338019,0.470494,0.435407,0.0845295,0.00956938,0,0,332.831,560.585,3
67,776,1,16.6587,85.5014,2.19651,8.7561,0.25859,0.496038,0.393027,0.110935,0,0,0,380.61,510.659,2.80488
67,3116,0,49.4097,113.846,3.11612,4.48942,0.345663,0.382883,0.445946,0.11011,0.0495495,0.0115115,0,435.564,472.318,3
67,3327,2,48.7148,114.344,3.54122,5.66393,0.340752,0.403823,0.393469,0.152131,0.0167264,0.0131422,0.0207089,375.701,528.889,2.97131
68,11931,3,50.0863,93.7013,2.60952,7.29021,0.313092,0.496979,0.348943,0.103474,0.0430514,0.00755287,0,403.815,480.338,3
68,10321,3,52.7462,109.23,3.69179,4.65324,0.330728,0.416952,0.38333,0.125278,0.0359346,0.0290817,0.00942265,337.852,506.619,1.73516
68,6736,2,57.5022,117.764,3.16629,4.44973,0.344107,0.401318,0.39774,0.146704,0.0335217,0.0207156,0,344.02,493.555,1.89421
68,8003,0,66.1969,123.565,2.56426,0.921354,0.42346,0.433496,0.42338,0.118022,0.025103,0,0,370.158,503.925,2.24583
68,29878,2,40.4682,79.9489,2.29712,13.1918,0.26949,0.504792,0.396166,0.0798722,0.0191693,0,0,402.506,493.874,2
68,672,1,39.2535,86.064,3.14442,9.15254,0.321213,0.477024,0.339168,0.142232,0,0.0415755,0,314.407,527.051,1.50847
68,3840,0,66.9377,135.802,3.72929,2.14738,0.374744,0.349495,0.393939,0.140404,0.0949495,0.0212121,0,305.296,535.543,1.7037
68,8715,2,56.7794,115.095,2.85659,2.99053,0.321193,0.426575,0.402494,0.13266,0.0230058,0.0152655,0,415.176,487.675,3
68,2771,1,43.7281,99.0629,3.46081,5.61446,0.341958,0.440541,0.344595,0.136486,0.0324324,0.0459459,0,318.904,529.157,2
68,6284,1,22.2728,55.4054,1.3794,16.5954,0.189107,0.747967,0.252033,0,0,0,0,241.595,514.568,0
68,5762,2,42.6205,98.9739,5.85086,11.3638,0.24542,0.436315,0.344194,0.128406,0.0374704,0.0167358,0.036878,265.508,500.049,0
68,7928,0,67.4374,123.83,2.87271,0.898902,0.386267,0.43566,0.401345,0.12729,0.0199397,0.0157663,0,397.116,505.075,3
68,7561,0,57.505,104.317,2.51555,5.52576,0.330905,0.495588,0.384874,0.0859244,0.0233193,0.0102941,0,295.077,498.86,0.81854
68,8321,0,59.3118,100.741,1.84926,6.75729,0.314391,0.555147,0.409926,0.0349265,0,0,0,325.5,502.9,1.5
68,14298,2,49.1941,100.367,3.55665,6.31655,0.282054,0.454026,0.352851,0.115813,0.0400274,0.0299634,0.0073193,395.685,473.824,2.32231
68,11190,0,60.2879,146.126,5.98726,1.80676,0.265495,0.286478,0.319359,0.198931,0.0793259,0.0887793,0.027127,398.405,464.708,2.19459
68,14832,0,65.8412,114.465,2.80037,0.704009,0.452163,0.527473,0.362637,0.0695971,0,0.040293,0,402.566,474.698,3
68,15047,2,38.4076,88.8889,3.5,13.9375,0.205011,0.375,0,0.625,0,0,0,297,495,0
68,16719,1,29.7942,74.7253,2.33007,14.0721,0.183125,0.54902,0.346405,0.0686275,0.0359477,0,0,269.67,584.297,2
68,16962,3,42.7073,80.9357,2.00145,7.57434,0.269859,0.556358,0.361272,0.0823699,0,0,0,449.589,418.179,2
68,23027,3,49.0115,102.461,3.28435,5.92793,0.307536,0.460438,0.358884,0.124338,0.0286118,0.0192511,0.00847757,388.879,493.132,2
68,21963,1,38.2912,87.8563,2.58298,7.3348,0.26681,0.502586,0.371415,0.0850964,0.0235073,0.0173954,0,430.487,443.446,2
68,21996,0,46.0318,85.4275,2.4534,15.5853,0.251962,0.502026,0.37966,0.0879254,0.0166126,0.0137763,0,430.657,462.047,2
68,24868,2,50.7285,93.4028,2.01041,4.09063,0.350927,0.572491,0.361338,0.0483271,0.0178439,0,0,415.719,477.481,2
68,26977,1,32.1925,71.0069,2.4132,14.8779,0.263764,0.584352,0.327628,0.0537897,0,0.0342298,0,411.688,485.062,2
68,28294,3,52.8324,101.19,2.50441,4.29102,0.33491,0.466667,0.409314,0.0970588,0.0254902,0.00147059,0,410.504,485.29,2
69,5770,3,32.6636,117.068,6.47341,8.18449,0.304563,0.311035,0.320183,0.166953,0.0600343,0.118353,0.023442,300.88,505.958,0
69,7192,3,43.4202,138.494,6.14476,3.26828,0.384368,0.319838,0.348343,0.173841,0.073866,0.0574238,0.0266876,288.111,507.636,0
69,10862,2,34.1627,133.215,8.81855,5.61351,0.30927,0.316985,0.330778,0.161719,0.0644256,0.0683996,0.0576932,297.124,502.055,0.065583
69,11132,2,33.8163,73.6715,2.05246,15.856,0.232477,0.556557,0.363934,0.0655738,0.0139344,0,0,334.859,513.582,1.54348
69,9482,1,31.7424,90.1111,2.29346,12.18,0.335966,0.451295,0.431566,0.104809,0.0123305,0,0,288.64,518.88,0
69,5904,2,36.6424,124.242,3.75447,8.17841,0.334122,0.344715,0.352846,0.213008,0.0504065,0.0390244,0,261.473,532.109,0
69,9870,0,55.4507,122.728,3.41221,3.41252,0.39776,0.401069,0.376641,0.142748,0.0516031,0.0279389,0,327.422,496.727,0.98145
69,10996,1,14.5072,58.8198,1.72359,18.6299,0.185718,0.59445,0.36286,0.0426894,0,0,0,376.819,458.011,1.03955
69,11041,1,12.3255,46.5278,1.54726,36.3294,0.139808,0.666667,0.333333,0,0,0,0,314.479,482.542,0.5
69,11284,3,28.4279,82.019,3.20415,15.5244,0.224756,0.481551,0.363587,0.100727,0.0175061,0.019122,0.0175061,283.209,575.517,1.72167
69,11617,1,16.2121,57.4603,1.98066,21.7562,0.186203,0.588398,0.323204,0.0745856,0.0138122,0,0,313.357,553.329,2
69,13054,2,34.2284,113.307,3.79704,5.21366,0.274519,0.371722,0.385405,0.168757,0.0285063,0.04561,0,266.151,598.709,2
70,4966,2,42.3863,104.093,2.78133,4.37385,0.316862,0.455074,0.396131,0.108495,0.0274741,0.0107233,0.00210261,388.477,500.708,2.78267
70,3060,3,43.9259,114.675,2.97623,1.63208,0.38628,0.436929,0.343693,0.184644,0.0182815,0.0164534,0,344.434,539.585,3
70,2803,1,26.4746,96.3351,2.7808,7.30366,0.28022,0.456522,0.392512,0.104469,0.022343,0.0241546,0,349.476,536.895,2.97906
70,707,0,45.7653,141.667,4.22451,1.51562,0.311104,0.330392,0.359804,0.219608,0.0460784,0.0441176,0,403.725,492.413,2.6125
70,3187,0,40.711,94.5139,3.3277,7.84453,0.291973,0.464364,0.364438,0.101396,0.0308597,0.038942,0,367.025,520.131,3
70,890,3,38.8463,113.823,3.45148,8.91927,0.254324,0.378268,0.407321,0.138873,0.0552005,0.020337,0,409.095,489.964,2.97024
70,1345,0,44.4431,111.612,2.72006,3.15977,0.305965,0.417665,0.408683,0.151946,0.0187126,0,0.00299401,412.744,472.925,2.38346
70,2057,0,54.0396,110.897,2.75626,2.26502,0.325656,0.504817,0.359345,0.11079,0,0.0250482,0,391.971,491.308,2.13462
70,2632,0,50.5707,99.8921,2.2041,4.38956,0.364442,0.529158,0.355292,0.115551,0,0,0,374.592,506.447,3
70,2706,1,26.8988,84.0136,2.81781,18.8696,0.166717,0.45749,0.377868,0.124831,0.0161943,0.0236167,0,392.015,488.714,2.84184
70,3114,0,45.5347,101.771,2.40452,5.35608,0.252302,0.485428,0.383645,0.111788,0.0191388,0,0,403.458,474.618,2.43028
70,3685,0,47.478,88.6364,2.60541,5.07812,0.307793,0.532764,0.361823,0.045584,0.0327635,0.0270655,0,397.295,484.659,2.97727
70,4377,1,19.7276,82.2412,2.23961,12.4792,0.239199,0.482102,0.403002,0.112009,0.00288684,0,0,364.205,526.103,3
70,4922,2,36.3699,103.968,3.07088,5.85906,0.21885,0.407852,0.395856,0.130862,0.0490731,0.0163577,0,407.378,471.255,2.43878
71,6,3,27.1714,118.913,3.32406,3.36037,0.371027,0.389662,0.398277,0.139165,0.0463883,0.0265076,0,361.277,522.589,2
71,1586,3,35.4494,91.5556,2.48301,8.51,0.286131,0.504854,0.400485,0.0582524,0.0242718,0.0121359,0,398.52,491.4,3
71,662,0,35.7212,115.678,3.38106,6.10097,0.248606,0.393636,0.402279,0.140247,0.0383029,0.0188568,0.00667845,393.869,485.636,2.3272
71,1262,2,36.7552,92.1425,2.37617,9.38135,0.241533,0.480903,0.407639,0.0929618,0.0163344,0.0021619,0,384.6,505.627,2.88247
71,1829,0,49.2363,98.3092,1.93612,3.63587,0.324832,0.53317,0.39312,0.0737101,0,0,0,356.609,541.304,3
71,1236,1,22.7242,84.6051,2.48892,10.9686,0.212707,0.500527,0.382911,0.0907173,0.00685654,0.0189873,0,390.703,497.124,2.75904
71,1563,1,31.6038,89.5833,2.27326,7.77539,0.283795,0.47093,0.416667,0.112403,0,0,0,355.609,521.578,2.82812
72,132,3,30.6972,90.3885,2.37066,10.2906,0.283279,0.449849,0.421946,0.12368,0.00452489,0,0,374.586,476.291,1.68098
72,655,1,2.68857,66.6667,1.16667,27.875,0.0459,0.833333,0.166667,0,0,0,0,391,448,1
72,1371,2,33.4736,73.3147,1.9201,13.8651,0.222325,0.561192,0.370323,0.0684845,0,0,0,320.397,511.213,1
72,737,3,12.525,88.8889,1.375,0.3125,0.236789,0.625,0.375,0,0,0,0,391,448,1
72,1432,0,39.9479,103.648,2.83167,7.7122,0.285007,0.451956,0.394073,0.109748,0.0289419,0.0152813,0,374.259,507.203,2.36501
72,1680,3,20.3733,82.4591,4.27702,14.0673,0.216604,0.466484,0.324213,0.122435,0.0410397,0.0157319,0.0300958,396.69,492.645,2.49239
72,1692,1,8.37356,52.5441,2.06522,28.1525,0.147112,0.573123,0.349802,0.0770751,0,0,0,328.206,534.589,1.56075
72,2157,3,30.5521,106.757,3.32982,10.9062,0.272426,0.40436,0.393108,0.147679,0.0168776,0.0379747,0,368.723,532.277,3
72,3692,0,49.0008,126.316,2.33642,0.971491,0.360799,0.442901,0.435185,0.106481,0.0154321,0,0,356.912,534.368,2.7193
72,4030,2,36.809,93.0435,2.10384,6.01739,0.28848,0.514019,0.404984,0.0809969,0,0,0,375.157,519.183,2.91304
72,4519,1,21.8253,78.1676,1.94015,10.75,0.266532,0.566085,0.374065,0.0598504,0,0,0,359,542.14,2.96491
73,284,2,53.9933,127.371,3.27021,0.776677,0.416742,0.392553,0.401064,0.155319,0.0276596,0.0234043,0,410.793,492.402,3
73,966,3,44.0255,108.268,3.61685,5.74587,0.307298,0.452079,0.39256,0.107221,0.00897155,0.019256,0.0199125,407.29,492.203,3
73,2543,0,52.3018,110.56,2.67797,2.9473,0.359464,0.459222,0.400598,0.0991027,0.0257228,0.0153539,0,409.613,493.3,3
73,1932,3,35.0599,88.0342,1.66019,4.75,0.297656,0.650485,0.291262,0.0582524,0,0,0,409,483,3
73,687,2,58.2189,130.174,3.68285,0.909314,0.368024,0.405858,0.34477,0.142259,0.074477,0.032636,0,404.206,503.735,3
73,1229,2,46.9832,105.332,2.55405,2.52342,0.376263,0.464098,0.398144,0.116781,0.0155305,0.00544574,0,410.686,494.985,3
73,1166,3,59.9664,107.937,2.05882,0.535714,0.440467,0.455882,0.455882,0.0882353,0,0,0,404.571,489.143,3
73,2068,0,10.3685,111.111,1.93333,8.8125,0.134978,0.366667,0.633333,0,0,0,0,409,483,3
73,2631,2,32.7628,80.1282,2.13111,11.7438,0.225338,0.516444,0.4,0.0688889,0.0146667,0,0,412.519,488.881,3
73,2833,0,30.9366,80.7256,2.20787,14.7742,0.191936,0.52809,0.348315,0.123596,0,0,0,399.878,502.735,3
73,3039,1,17.8414,69.0821,1.88578,17.1467,0.200124,0.60373,0.333333,0.0629371,0,0,0,404.304,495.739,3
74,1453,1,73.725,90.099,2.31013,5.85829,0.308351,0.477411,0.401709,0.107448,0.013431,0,0,343.356,561.713,3
74,210,2,87.9214,84.2058,2.36433,10.8076,0.248146,0.503897,0.37283,0.100248,0.0201913,0.00283386,0,361.38,540.123,2.89799
74,1468,0,151.384,100.768,2.28506,6.31711,0.296013,0.512703,0.391768,0.0802846,0,0.0152439,0,349.705,550.636,2.87558
74,7758,0,67.5133,80.8081,2.1,14.6818,0.147349,0.6375,0.275,0.0875,0,0,0,389.364,477.909,2
74,3156,1,25.9487,72.1133,1.76133,8.5098,0.258121,0.625378,0.311178,0.0634441,0,0,0,340.078,561.118,3
74,5945,3,25.8548,73.8095,3.95238,17.8004,0.195498,0.497696,0.288786,0.110599,0.0353303,0.0675883,0,312.806,527.194,2
74,6427,3,68.6828,88.1869,2.72111,12.0527,0.258737,0.475021,0.379769,0.0971727,0.0356849,0.0123525,0,393.286,494.505,2.51525
74,4366,1,25.8836,76.5293,2.39967,14.5323,0.196774,0.515498,0.344209,0.117455,0,0.0228385,0,356.674,548.888,2.93258
74,5630,1,51.5019,79.1667,2.05439,12.4273,0.249016,0.510526,0.442105,0.0473684,0,0,0,390.125,480.975,2
74,6004,0,124.961,120.116,3.51936,5.18878,0.363185,0.411662,0.374689,0.133859,0.0394564,0.0403332,0,377.975,484.071,2.2733
74,4839,1,37.7691,83.6763,2.17049,12.24,0.249326,0.480328,0.45082,0.0590164,0,0.00983607,0,395.975,486.37,2
74,5423,2,15.9778,93.1255,3.78712,6.85207,0.259189,0.440343,0.32618,0.149356,0.0437768,0.0403433,0,268.345,567.813,2.02158
74,5867,1,13.3187,86.3688,2.83289,10.6063,0.249826,0.458886,0.380637,0.0994695,0.061008,0,0,286.794,553.66,2
74,6293,2,99.1149,104.047,2.53395,3.57137,0.333766,0.500989,0.374423,0.0850363,0.023731,0.0158207,0,365.988,485.543,2
74,7162,1,88.7726,86.7955,2.47681,11.6703,0.284844,0.564007,0.309833,0.0853432,0.0222635,0.0185529,0,320.449,525.754,2
75,87,3,42.9628,89.6856,2.04418,5.00884,0.359082,0.52461,0.405762,0.0590636,0.0105642,0,0,386.159,481.374,2
75,2086,0,52.4714,93.1183,2.2525,4.11048,0.371649,0.503464,0.384142,0.112394,0,0,0,323.671,521.277,1.69677
75,875,1,25.6819,71.4286,1.68889,8.58036,0.282808,0.596825,0.355556,0.047619,0,0,0,390.612,482,2
75,1276,1,15.7057,64.0404,1.65615,13.6477,0.218378,0.626709,0.342797,0.0294427,0.00105152,0,0,372.485,482.903,2
75,1445,0,49.2947,97.3291,2.37761,2.85216,0.388293,0.481888,0.391877,0.102086,0.0241493,0,0,325.663,522.769,1.99038
75,1461,3,26.8316,76.6922,2.13905,10.819,0.29526,0.542048,0.3597,0.0815987,0.0166528,0,0,326.092,522.833,1.93678
75,1480,3,33.1938,83.0484,2.03945,5.19631,0.357767,0.524871,0.399657,0.0754717,0,0,0,307.026,522.103,1.20513
75,1897,0,46.4795,109.844,2.33807,1.38103,0.463355,0.465839,0.417924,0.0967169,0.0195209,0,0,381.974,479.956,2
76,2053,1,25.5816,112.636,3.08317,5.57353,0.328832,0.361702,0.439072,0.139265,0.0599613,0,0,405.078,490.98,3
76,53,3,41.7323,118.519,2.75,2.39583,0.402263,0.375,0.3125,0.3125,0,0,0,402,495,3
76,1271,2,43.7341,100.303,2.30514,4.17955,0.318777,0.50856,0.382679,0.0946626,0.0140987,0,0,401.273,496.582,2.92727
76,444,3,43.6071,139.683,4.82481,1.11049,0.35977,0.344223,0.384943,0.141572,0.0440341,0.0629735,0.0222538,397.476,496.875,2.07143
76,1911,0,88.971,111.605,2.68584,5.66389,0.528263,0.44469,0.424779,0.0862832,0.039823,0.00442478,0,409.489,503.289,3
76,453,1,37.0072,144.256,6.0483,1.45339,0.385146,0.328982,0.361619,0.126632,0.0587467,0.075718,0.0483029,409.102,480.339,2
76,633,0,51.8675,125.505,5.31489,14.8842,0.302091,0.311871,0.344064,0.171026,0.084507,0.0684105,0.0201207,396.227,501.545,2.26136
76,1892,3,48.0052,106.173,2.98712,5.01802,0.353784,0.431175,0.395349,0.142678,0.0160277,0.0147706,0,403.814,499.066,2.93694
76,2347,2,46.3675,116.088,2.93021,1.45595,0.395514,0.444167,0.396477,0.112994,0.023762,0.0225989,0,400.002,492.465,2.40972
77,4483,2,46.7851,122.222,3.13787,1.0515,0.411326,0.420987,0.392416,0.130701,0.0335584,0.0189091,0.00342857,392.899,508.721,2.80686
77,3088,3,44.9189,114.903,3.06447,1.51786,0.413893,0.412126,0.392939,0.159632,0.00997698,0.0253262,0,396.611,501.079,2.69841
77,1762,3,25.3228,101.449,2.71524,6.0231,0.309381,0.434286,0.415714,0.120476,0.0147619,0.0147619,0,363.826,551.357,3
77,5814,1,25.3126,102.544,2.75949,5.98394,0.269707,0.433418,0.413671,0.130633,0.0116456,0.0106329,0,374.734,567.5,3
77,522,0,49.1149,135.317,6.12463,5.13951,0.397111,0.353372,0.328446,0.115836,0.0395894,0.162757,0,399.446,515.375,3
77,9322,1,37.0479,137.642,4.69028,2.24362,0.340063,0.337727,0.324547,0.191104,0.110379,0.0230643,0.0131796,258.816,651.041,2.40816
77,859,0,50.6478,115.174,2.97948,1.31437,0.391298,0.447084,0.38049,0.132109,0.0280778,0,0.012239,396.769,525.291,3.34328
77,5182,1,35.0172,127.654,3.25532,0.381944,0.421897,0.388781,0.37911,0.166344,0.0367505,0.0290135,0,404,504.4,2.66667
77,1198,1,13.1044,101.389,2.71096,6.52734,0.26758,0.419178,0.424658,0.128767,0.0273973,0,0,346.462,573.788,3
77,2512,1,19.5478,143.034,4.32429,3.39286,0.290741,0.262639,0.382244,0.240444,0.10111,0.0135635,0,387.857,508.635,2.80952
77,10156,0,43.0907,127.54,4.54326,2.34403,0.376715,0.379646,0.386037,0.145526,0.0419862,0.0241888,0.0226155,360.587,527.372,2.23251
77,3928,3,16.6122,111.27,3.54779,5.35268,0.289476,0.386591,0.339515,0.192582,0.0570613,0.0242511,0,386.971,489.486,2
77,4161,1,11.5777,88.1033,2.37325,9.21907,0.239922,0.486624,0.405096,0.0955414,0.0127389,0,0,388.04,490.919,2
77,5176,3,50.0923,129.467,3.64566,1.30188,0.435801,0.377821,0.394233,0.146,0.0493504,0.0300889,0.00250741,374.871,528.162,2.38645
77,5817,3,31.9806,117.721,3.57137,3.2564,0.336531,0.379738,0.385672,0.153829,0.0524118,0.0254917,0.00285683,328.6,599.641,2.93714
77,5887,1,32.7284,118.229,3.55213,1.27637,0.391893,0.427313,0.362702,0.129222,0.0455213,0.0352423,0,394.969,501.484,2
77,6289,1,13.4828,94.4444,2.51337,7.38778,0.25452,0.451872,0.414439,0.122995,0.0106952,0,0,397.318,534.727,3
77,6340,2,65.6902,127.108,6.34334,0.593373,0.444517,0.397578,0.374934,0.124276,0.0300158,0.0331754,0.0400211,389.994,501.325,2
77,6719,3,41.103,136.74,5.53775,4.71462,0.38528,0.303181,0.354542,0.19701,0.0295132,0.091606,0.0241472,370.939,518.693,2.4717
77,6991,0,46.455,130.794,3.68581,1.18492,0.399111,0.373247,0.373517,0.173139,0.0536677,0.0264293,0,311.94,627.194,3
77,7828,0,57.6382,126.768,2.99004,1.21023,0.501572,0.40239,0.436255,0.0936255,0.0418327,0.0258964,0,330.432,580.705,2.93182
77,6919,1,47.7617,133.204,3.98836,1.67914,0.429326,0.343841,0.390398,0.183317,0.0363725,0.0417071,0.00436469,371.744,521.145,2
77,7144,0,66.681,123.256,2.89832,0.420058,0.450743,0.451782,0.358491,0.133124,0.0461216,0.0104822,0,381.605,516.849,2.05814
77,8265,1,25.6898,118.186,3.49663,2.22281,0.338284,0.387437,0.405565,0.145447,0.0324621,0.0290894,0,324.839,597.843,3
77,7537,1,71.3303,122.222,1.81818,0,0.633722,0.727273,0.272727,0,0,0,0,380,481,2
77,7538,2,48.2352,88.8889,1.25,0.4375,0.179378,0.75,0.25,0,0,0,0,380,481,2
77,8184,1,49.6567,134.815,4.03407,0.964167,0.438223,0.350549,0.365934,0.156044,0.0714286,0.056044,0,358.307,547.76,2.32
77,8363,2,35.2816,115.755,2.94842,3.73974,0.310464,0.395415,0.401146,0.173352,0.030086,0,0,280.91,666.91,3
77,11052,0,34.556,114.074,3.33766,5.06905,0.299128,0.423933,0.375696,0.128942,0.0519481,0.0194805,0,267.571,640.876,2.35238
78,2061,1,36.4527,124.074,4.0692,1.19271,0.379482,0.358887,0.373134,0.181818,0.0312076,0.0549525,0,395.894,445.879,1.74242
78,117,0,41.5628,100.344,2.06164,2.67719,0.339167,0.535388,0.371005,0.0936073,0,0,0,373.505,485.876,2
78,4392,1,33.1594,103.642,2.34842,2.89861,0.342754,0.474092,0.39726,0.104824,0.0238237,0,0,391.228,452.439,2
78,810,2,43.1698,102.899,5.38623,3.69896,0.356664,0.468262,0.371912,0.0921638,0.0124574,0.0132327,0.0419725,378.84,464.507,1.99569
78,7519,0,55.0637,119.006,5.14496,1.70313,0.377574,0.447174,0.362408,0.121622,0,0.022113,0.046683,368.947,461.974,2
78,5535,3,47.3823,95.8132,2.38824,5.21286,0.332596,0.480672,0.384874,0.134454,0,0,0,406.406,437.826,2
78,3128,1,48.8834,101.616,2.16501,1.42045,0.407697,0.530815,0.365805,0.083499,0.0198807,0,0,367.036,471.236,1.89091
78,9311,1,16.515,92.9825,8.58131,11.4258,0.22512,0.408805,0.299191,0.0880503,0.0332435,0.0898473,0.0808625,372.827,470.278,2
79,372,1,58.1476,110.565,2.32949,0.285861,0.420597,0.495881,0.385502,0.102142,0.0164745,0,0,323.639,561.082,2.86885
79,1440,2,52.1685,109.088,2.50701,1.22843,0.423412,0.482988,0.393658,0.0956195,0.0183284,0.00940607,0,327.512,556.018,3.15409
79,168,1,38.8559,134.089,5.4549,1.78997,0.410062,0.322999,0.368658,0.151071,0.0445321,0.0935738,0.0191657,320.878,558.571,2.28571
79,1988,0,65.5649,113.527,2.4383,0.534161,0.459959,0.506991,0.376292,0.0942249,0.012766,0.00972644,0,358.124,575.267,3
79,458,0,60.6163,105.478,2.02567,0.515581,0.433204,0.529655,0.392446,0.0743582,0.00354087,0,0,321.742,563.084,3.14846
79,1700,3,35.9645,124.645,3.7503,2.55904,0.364682,0.374611,0.380625,0.167007,0.0365159,0.0346902,0.00655139,318.478,586.381,3.50964
79,1967,0,69.4924,110.345,1.94097,0.326509,0.458781,0.524306,0.413194,0.0625,0,0,0,323.586,554.224,3
79,2940,1,51.1865,111.148,2.40423,0.381292,0.459708,0.477357,0.411271,0.0932573,0.00670916,0.0114056,0,325.805,557,3.1745
79,2666,0,66.6592,111.645,2.16109,0.940855,0.432315,0.527692,0.380939,0.0795614,0.010402,0.00140568,0,323.082,554.952,2.92373
79,3001,1,21.0844,139.646,5.41682,2.97372,0.341315,0.307414,0.316456,0.206148,0.0605787,0.109403,0,311.614,586.068,3.82955
79,3115,0,67.4697,103.968,1.89695,0.0602679,0.481549,0.566794,0.362595,0.0706107,0,0,0,322.107,563.464,3.26786
79,4173,0,39.6081,133.987,5.28049,2.87408,0.347038,0.308537,0.373171,0.210976,0.0390244,0.0268293,0.0414634,307.853,595.75,4
79,3305,1,33.5668,110.422,3.12505,2.48871,0.392552,0.435549,0.386522,0.115314,0.0381932,0.0244216,0,325.83,555.905,3.28285
79,4592,3,38.9551,123.743,3.95835,1.9596,0.412653,0.383066,0.374531,0.160806,0.0259474,0.0556504,0,336.236,536.802,3.08365
79,6671,0,49.4397,127.35,2.72081,0.632692,0.470027,0.401342,0.424161,0.154362,0,0.0201342,0,313.6,570.785,3.29231
79,5258,0,46.1428,118.793,2.46305,0.260031,0.452232,0.453811,0.431871,0.0773672,0.0369515,0,0,315.654,587.58,3.80247
79,8199,1,18.3934,112.847,2.74564,4.1263,0.308506,0.414359,0.420513,0.126154,0.0235897,0.0153846,0,367.719,501.625,3
80,265,0,60.738,115.522,2.47569,0.701135,0.424073,0.486641,0.397237,0.0929232,0.0112081,0.0119901,0,347.789,523.077,2.30759
80,1509,3,45.519,115.745,3.02072,2.42456,0.39455,0.413448,0.409501,0.127432,0.0335495,0.0160699,0,315.314,556.772,2.85609
80,2743,0,62.0035,106.913,2.01388,0.278232,0.424725,0.536168,0.396221,0.0587541,0.0088574,0,0,319.463,555.645,3
80,1069,2,43.2406,140.363,3.99031,0.142857,0.420039,0.3021,0.441034,0.156704,0.0452342,0.0549273,0,363.878,521.551,2.95918
80,920,2,45.5542,96.2963,2.08439,3.55583,0.365891,0.522405,0.400299,0.0679612,0.00933532,0,0,329.728,538.042,2.5534
80,1467,3,33.6159,94.662,2.72295,5.5643,0.331423,0.477475,0.387374,0.0953111,0.0272755,0.0125651,0,371.402,487.277,2.18538
80,1435,1,54.8114,97.7011,2.18627,0.782866,0.444643,0.536275,0.396078,0.0401961,0.0107843,0.0166667,0,310.845,545.586,2
80,6363,1,29.2803,106.957,2.64318,2.45,0.345937,0.466125,0.401987,0.0776874,0.0542005,0,0,327.487,551.322,3
80,1986,1,15.0079,95.0877,4.81919,7.66145,0.264922,0.439114,0.387454,0.112915,0.00885609,0.0137761,0.0378844,316.408,564.558,2.97263
80,2220,2,53.1991,113.645,2.24185,0.304825,0.439869,0.459691,0.432247,0.108062,0,0,0,309.351,550.474,3
80,2224,0,70.8569,102.469,1.91432,0.197531,0.456023,0.593039,0.327979,0.0789826,0,0,0,310.877,550.346,3
80,6965,2,38.3865,123.665,14.3919,2.82978,0.359556,0.382285,0.309344,0.107952,0.0243136,0.0564076,0.119698,332.135,558.753,3
80,5469,0,53.7491,97.7606,1.9304,2.12888,0.362298,0.568282,0.380617,0.045815,0,0.00528634,0,318.24,566.186,3
80,6031,1,16.3627,87.146,3.46125,9.7212,0.248424,0.49875,0.36375,0.085,0.0075,0.00625,0.03875,312.324,582.99,3
81,224,2,36.9326,112.546,10.2879,7.96667,0.316117,0.339778,0.359523,0.163307,0.040724,0.0185109,0.0781571,359.571,498.55,1.50417
81,96,3,30.4838,109.365,4.59652,10.0536,0.321322,0.351234,0.34688,0.156749,0.0682148,0.0769231,0,366.286,504.714,2
81,90,0,73.1113,103.451,2.94289,7.54132,0.367969,0.426586,0.394996,0.136467,0.033864,0.00707607,0.00101087,359.045,494.226,1.31765
81,363,3,28.3513,80.6408,2.52282,14.8769,0.294042,0.467878,0.38377,0.121302,0.0270499,0,0,360.905,503.365,2
81,1866,1,15.2102,54,1.62551,26.2419,0.190595,0.617284,0.358025,0.0246914,0,0,0,358.54,497.27,2
82,9708,2,47.3881,116.78,3.86792,2.06949,0.378931,0.429339,0.366984,0.12283,0.0334355,0.0295114,0.0179003,369.133,541.592,3.49153
82,2400,3,30.2407,118.619,3.72602,1.74581,0.377207,0.390468,0.383585,0.142675,0.0429448,0.0317971,0.0085291,344.621,597.486,3.72843
82,18500,3,35.4921,135.008,6.43818,4.54538,0.442511,0.317174,0.345735,0.153702,0.0751597,0.0781661,0.0300639,371.626,539.886,3.15982
82,1809,1,15.3098,106.28,3.06212,9.17754,0.256208,0.401515,0.377273,0.180303,0.0318182,0.00909091,0,368.594,612.275,4
82,3897,0,52.3207,122.439,3.13814,1.29542,0.440291,0.447495,0.381737,0.120535,0.0277673,0.0140098,0.00845639,362.228,558.275,3.54381
82,4980,1,25.4124,105.556,3.64912,2.86719,0.361058,0.416667,0.381579,0.116228,0.0460526,0.0394737,0,322,570,3
82,6047,0,9.93542,26.0197,2.34054,0.651108,0.10085,0.481081,0.394595,0.124324,0,0,0,323.658,578.278,3.35443
82,9112,0,45.1838,137.642,3.46787,0.0306122,0.420325,0.436573,0.372323,0.125206,0.0576606,0,0.00823723,380.959,567.837,4
82,9582,1,26.0132,141.441,6.47304,3.94595,0.31315,0.278132,0.30913,0.159236,0.109554,0.13121,0.0127389,371.481,544.935,3.94054
82,7851,0,52.9155,104.64,2.83197,0.636676,0.451776,0.448075,0.3979,0.0991832,0.0548425,0,0,320.077,577.56,3
82,9744,0,55.0678,111.69,2.09741,0.350911,0.422511,0.528497,0.394819,0.0611399,0.0124352,0.00310881,0,373.521,547.729,4
82,11052,0,56.1547,107.354,2.93075,1.50607,0.425453,0.473194,0.373418,0.109084,0.0256888,0.00670141,0.0119136,372.112,544.306,3.86331
82,12470,3,50.7685,103.434,2.38919,2.95388,0.359754,0.516266,0.374851,0.089364,0.0103572,0.00504581,0.00411632,321.163,530.696,2.20643
82,11226,0,68.441,116.667,2.28243,0.322198,0.466064,0.512315,0.367816,0.103448,0.0164204,0,0,371.586,540.466,3.94828
82,17395,2,30.6744,121.01,4.59766,3.62955,0.301667,0.365609,0.33389,0.135225,0.0684474,0.096828,0,353.055,473.873,1.76364
82,13187,1,31.101,107.292,3.59094,5.41914,0.314698,0.439482,0.372168,0.127508,0.0194175,0.018123,0.023301,363.419,526.244,2.68125
82,11649,2,28.645,90.6096,2.47748,11.6864,0.272566,0.473684,0.39121,0.122084,0.0130222,0,0,368.327,534.345,3.71239
82,13389,1,29.4483,99.5322,2.28672,5.86645,0.309273,0.475911,0.411281,0.0998825,0.012926,0,0,300.484,520.674,1.4
82,13353,1,29.1396,92.0188,1.94388,6.04577,0.306268,0.52551,0.401361,0.0731293,0,0,0,355.479,512.408,2
82,13580,1,20.882,129.131,9.21227,6.52887,0.333016,0.29002,0.350732,0.16401,0.0456432,0.0842979,0.0652981,340.376,546.553,3.01777
82,17607,0,47.7301,132.011,8.14529,1.95982,0.494589,0.372745,0.290581,0.0991984,0.0420842,0.136273,0.0591182,373.31,537.536,3.10714
82,14290,1,15.377,83.5859,2.07553,15.581,0.222128,0.480363,0.453172,0.0664653,0,0,0,211,606.273,1
82,14890,3,37.9684,94.7712,2.28,6.40221,0.29251,0.508966,0.376552,0.10069,0.0137931,0,0,211.706,607,1
82,16232,0,38.9005,93.2584,2.64391,11.1447,0.246311,0.463186,0.368139,0.136546,0.0321285,0,0,212.416,604.955,1
82,19244,2,51.5066,130.661,3.67169,0.9375,0.467005,0.396125,0.397201,0.124865,0.0473628,0.0182992,0.0161464,373.468,536.937,3
82,21189,1,25.5566,121.824,4.60719,3.35757,0.355738,0.348474,0.348837,0.196221,0.0450581,0.0472384,0.0141715,376.171,539.311,3
82,19398,0,50.4998,119.666,3.34675,0.887721,0.449405,0.42728,0.363188,0.135579,0.0575185,0.0164339,0,352.92,551.239,2.78761
82,19677,1,34.1689,125.926,3.59384,2.5506,0.387881,0.393557,0.40056,0.148459,0.0336134,0,0.0238095,372.714,536.571,3.03175
82,23249,3,23.4229,100.604,3.02401,3.90149,0.379657,0.465786,0.328932,0.157263,0.0408163,0.00720288,0,382.043,546.935,3.23913
82,22670,0,50.0334,122.222,3.62173,1.28655,0.474397,0.395223,0.384438,0.137904,0.0385208,0.0439137,0,393.178,561.398,3.70339
83,635,2,55.238,91.1352,2.3268,7.32694,0.300777,0.494938,0.393486,0.0941901,0.0132042,0.00418134,0,309.758,517.386,1.44043
83,37,0,28.8285,86.3799,2.19834,13.3992,0.235563,0.454772,0.436515,0.108714,0,0,0,359.852,495.316,2
83,2354,3,39.9862,65.5983,1.66775,14.3786,0.242426,0.602606,0.361564,0.0358306,0,0,0,349.769,481,1
83,727,3,30.5575,107.68,3.67375,8.22151,0.300031,0.409712,0.382398,0.121396,0.0515933,0.0349014,0,360.471,495.853,2
83,2660,0,79.3532,108.314,3.22335,5.05785,0.33135,0.421972,0.391415,0.117134,0.0360131,0.0334667,0,258.404,551.826,1
83,5155,2,71.1935,84.985,1.84335,3.49718,0.340561,0.564193,0.39576,0.0400471,0,0,0,294.649,509.766,1
83,3404,2,54.6643,106.31,10.8163,5.76451,0.312833,0.436357,0.353988,0.102028,0.027249,0.0257559,0.0546224,292.243,518.415,1
83,3804,1,18.924,77.1868,2.32006,15.8876,0.216438,0.528331,0.344564,0.108729,0.0183767,0,0,317.606,479.777,1
83,5105,2,37.9794,91.9123,2.27796,10.9218,0.22542,0.45477,0.449013,0.0838816,0.0123355,0,0,313.98,523.837,1
83,5431,1,18.5934,69.4704,2.40359,12.4334,0.255511,0.532138,0.372197,0.0687593,0,0.0269058,0,216.86,595.598,1
83,5559,1,18.18,75.5556,2.6631,14.2205,0.212147,0.47861,0.398396,0.0735294,0.0280749,0.0213904,0,265.227,578.164,1
83,5120,0,78.9279,88.8889,2.22015,8.56063,0.2864,0.494403,0.380597,0.125,0,0,0,232.284,580.836,1
83,5137,2,35.3026,86.6071,5.53265,10.5677,0.277971,0.457426,0.327988,0.107675,0.0389462,0.0168003,0.0511646,243.411,570.446,1
83,5146,0,91.5878,98.0471,2.81044,1.9447,0.358396,0.537088,0.361264,0.0666209,0.0233516,0,0.0116758,268.824,539.115,1
84,1129,3,23.0245,112.994,20.2611,13.8926,0.276838,0.290358,0.273149,0.114859,0.0719749,0.0925977,0.157061,281.438,556.789,1.25694
84,916,1,5.58962,42.7632,1.56068,26.3684,0.14579,0.673504,0.299145,0.0273504,0,0,0,348.086,501.092,1.04605
84,29,1,4.78894,53.9683,1.67157,22.6124,0.14692,0.632353,0.338235,0.0294118,0,0,0,323.345,525.714,2
84,1174,3,19.42,102.683,7.14869,11.3728,0.246022,0.363974,0.314949,0.1403,0.0645057,0.0499919,0.0662796,343.732,516.253,1.98659
84,1855,1,4.26441,47.1167,1.57313,26.3157,0.139191,0.662687,0.316418,0.0208955,0,0,0,355.899,498.063,1.72152
84,580,0,52.5663,103.81,2.40848,4.39566,0.368284,0.453036,0.425076,0.110965,0.0109218,0,0,349.335,505.833,2
84,1155,2,34.8173,104.545,2.35749,3.48651,0.299728,0.455314,0.404589,0.140097,0,0,0,354.75,505.148,2
84,1319,0,44.4455,100.723,2.84856,5.08987,0.353456,0.450392,0.361619,0.155352,0.0221932,0.0104439,0,286.444,554.751,1.0355
84,2530,0,48.6557,112.941,5.47917,9.25368,0.327749,0.365741,0.398148,0.114583,0.0729167,0.00347222,0.0451389,360.553,500.047,2
84,3830,0,33.9399,112.667,11.501,10.9688,0.325741,0.29783,0.258383,0.171598,0.108481,0.0433925,0.120316,257.04,563.12,1
85,105,3,30.8537,143.442,5.73966,0.460526,0.4664,0.305766,0.372743,0.149097,0.0582411,0.0937682,0.0203844,266.278,601,1
85,121,3,37.1898,99.8573,2.98835,3.59039,0.404197,0.442915,0.386327,0.122527,0.0263238,0.019483,0.00242456,313.521,591.678,1.12879
85,1931,0,15.3989,77.7778,1.57143,9.0625,0.223311,0.642857,0.357143,0,0,0,0,267,630,1
85,895,1,11.9114,80.4348,2.32132,8.06114,0.247261,0.477477,0.42042,0.102102,0,0,0,264.543,603.565,1
85,3453,0,67.6717,115.021,2.32021,0.488426,0.52073,0.452594,0.445438,0.0858676,0.0161002,0,0,380.407,559.519,1.59259
85,130,1,16.4413,93.8492,3.20507,6.21987,0.309727,0.450317,0.344609,0.112051,0.0930233,0,0,250.054,573.857,0.357143
85,775,0,57.9501,116.543,3.06285,0.780093,0.491362,0.419492,0.440678,0.0896893,0.0190678,0.0310734,0,298.104,600.207,1.06667
85,202,0,64.6195,156.14,5.73515,0.220395,0.616203,0.270733,0.382558,0.197967,0.0679508,0.0444088,0.0363831,270.218,611.564,1
85,1002,1,19.5325,89.122,2.60854,7.83829,0.277237,0.456844,0.389712,0.13252,0.0209241,0,0,278.965,591.287,0.832168
85,705,0,33.6962,104.419,2.73398,2.38139,0.413539,0.446191,0.389359,0.145103,0,0.019347,0,264.955,606.284,0.954545
85,2023,3,17.4867,74.4444,1.80597,12.9562,0.242903,0.552239,0.358209,0.0895522,0,0,0,267,630,1
85,3099,0,53.9962,102.969,2.49259,0.992844,0.451584,0.466227,0.418451,0.0980231,0.00329489,0.0140033,0,357.779,561.214,1.10687
85,3068,1,25.1617,75.1412,2.33835,6.40572,0.326683,0.518797,0.363409,0.0877193,0.0300752,0,0,382.356,558.051,1.89831
85,3740,0,80.2137,108.061,2.20968,0.155637,0.547759,0.502016,0.389113,0.108871,0,0,0,380.804,560.157,1.21569
85,4008,1,37.1931,108.382,3.1196,4.70121,0.391212,0.357914,0.409173,0.198741,0.0188849,0.0152878,0,382.588,567.465,1.62281
85,4735,1,35.2528,98.4375,2.45855,1.97363,0.395577,0.474427,0.35097,0.156966,0.0176367,0,0,387.875,578.906,2
85,5472,0,54.1112,128.88,3.38309,0.389348,0.567209,0.398189,0.387118,0.167058,0.0187856,0.0288494,0,388.626,570.646,2
91,3632,0,48.752,105.556,4.55742,6.3956,0.311383,0.37799,0.363636,0.123206,0.0633971,0.0717703,0,255.182,590.42,1.78409
91,94,3,31.3446,109.495,6.87855,8.33133,0.284103,0.372969,0.342017,0.14229,0.0452177,0.0509862,0.0465203,248.623,599.654,1.77384
91,149,1,23.6801,75.7265,1.9842,17.6038,0.230864,0.498871,0.419865,0.0812641,0,0,0,284.708,576.554,2
91,2468,2,25.5907,112.264,4.24483,7.24381,0.253023,0.369082,0.363107,0.150452,0.0674123,0.0450437,0.00490271,239.241,604.899,1.85913
91,1789,0,29.6997,148.677,6.19217,1.62401,0.269507,0.269276,0.320285,0.182681,0.107948,0.084223,0.0355872,232.46,611.508,2
91,2307,1,13.3683,76.8939,3.55172,20.3729,0.20546,0.407225,0.367816,0.136289,0.0673235,0.0213465,0,257.432,591.318,2
91,3063,1,12.8389,83.4835,6.66727,14.7458,0.220592,0.401079,0.340827,0.110612,0.0530576,0.0134892,0.0809353,221.061,612.338,1.02027
92,273,1,24.5227,101.839,5.72987,7.48836,0.25865,0.392024,0.407825,0.109857,0.0263356,0.0361174,0.0278405,220.352,621.524,1
92,10,2,29.0995,161.228,44.42,3.80597,0.354236,0.21909,0.235395,0.159879,0.0819856,0.0937356,0.209915,241.051,600.94,1
92,176,0,22.0439,214.683,25.3503,0.820312,0.398197,0.133087,0.167283,0.182994,0.0656192,0.149723,0.301294,228.821,612.143,1
92,452,3,26.2977,219.973,44.4258,0.474693,0.472081,0.118376,0.207313,0.144716,0.110629,0.113108,0.305857,326.497,518.08,1
92,1956,0,33.6894,229.037,21.1979,0.260833,0.491754,0.115136,0.149418,0.208279,0.145537,0.146831,0.234799,224.6,621.32,1
92,1911,3,35.251,232.026,24.3521,1.02206,0.48488,0.0901408,0.193427,0.160563,0.0901408,0.187793,0.277934,259.118,583.275,1
99,2180,1,16.031,84.7793,3.24776,16.6635,0.25013,0.438061,0.333932,0.174147,0.021544,0.032316,0,277.096,536.096,0.0958904
99,36,1,18.6041,83.4662,2.24459,8.40311,0.277753,0.482166,0.41465,0.0904459,0.0127389,0,0,271.55,519.488,0.650718
99,3366,3,23.1631,117.879,5.75779,6.22627,0.287069,0.353417,0.355936,0.153721,0.0580456,0.0458696,0.0330114,305.195,504.592,0.528396
99,1569,0,24.1558,160.386,6.78916,3.55842,0.301568,0.22741,0.305723,0.231928,0.10241,0.13253,0,287.457,519.674,0.456522
99,1588,1,12.2915,83.5556,2.63298,20.5362,0.208513,0.422872,0.388298,0.18883,0,0,0,263.72,535.8,0
99,2496,0,37.8536,122.792,3.33333,2.31357,0.328739,0.392111,0.398299,0.145398,0.0471771,0.0170147,0,330.504,485.274,0.74359
100,1939,0,81.3925,93.254,2.28511,7.78125,0.385876,0.473191,0.41617,0.110638,0,0,0,307.843,472.564,-0.535714
100,114,0,77.938,101.831,3.05961,6.75212,0.383992,0.433744,0.386946,0.125616,0.0342365,0.0194581,0,267.302,507.307,-0.00451467
100,1471,3,36.0308,73.4694,3.09414,18.5963,0.270683,0.46142,0.384259,0.0725309,0.0524691,0.029321,0,242.898,520.633,-0.357143
100,1543,2,50.7671,73.9492,1.96567,13.0016,0.290249,0.539111,0.386044,0.0748452,0,0,0,275.693,519.127,-0.187266
100,1885,3,65.9028,93.7026,2.38388,5.8661,0.376586,0.48311,0.384588,0.12069,0.00774103,0.00387051,0,272.953,499.843,-0.412463
101,2546,3,73.2767,116.649,3.1615,3.81128,0.376626,0.393112,0.395904,0.164598,0.0328886,0.0134967,0,321.936,426.477,-0.750814
101,137,0,43.2294,77.0492,2.19858,8.75307,0.33497,0.555556,0.345154,0.0756501,0.0236407,0,0,244.639,488.098,-1
101,4008,2,43.4727,136,3.72484,1.3085,0.323307,0.314379,0.433987,0.179739,0.0333333,0.0352941,0.00326797,285.288,426.04,-1
101,1490,0,69.5582,124.036,37.2102,4.19388,0.308411,0.372943,0.246801,0.182815,0,0.0310786,0.166362,328,396.755,-1
101,2892,3,64.9412,107.403,15.9427,4.6316,0.34436,0.42613,0.373939,0.11682,0.0284784,0.0176683,0.0369638,298.593,428.625,-1
101,2784,0,119.59,105.489,2.5,2.58358,0.467866,0.486041,0.364213,0.126904,0.0228426,0,0,329.723,427.771,-0.855422
101,1389,2,72.6233,103.209,3.2274,4.70755,0.34573,0.44099,0.397237,0.103051,0.0132412,0.0454807,0,318.193,415.118,-1
101,3598,0,69.5203,144.575,5.16926,1.04967,0.416149,0.304936,0.365337,0.174217,0.0667117,0.0743746,0.0144242,308.419,414.883,-1
102,19,3,48.7194,123.397,6.16016,5.52914,0.360621,0.353066,0.366818,0.161935,0.0447256,0.0412136,0.032243,318.345,415.989,-0.910714
102,3845,3,52.447,123.227,4.76974,1.76165,0.409043,0.36271,0.37137,0.151808,0.0514519,0.0397351,0.0229241,323.48,371.864,-1
102,1371,1,23.7273,122.042,3.82161,6.05945,0.311455,0.368616,0.395263,0.148779,0.0444115,0.0429312,0,282.366,430.805,-1
102,530,1,29.4642,90.9091,2.325,4.96449,0.318354,0.488889,0.380556,0.127778,0.00277778,0,0,278,437,-1
102,2475,2,48.9537,163.089,13.6449,2.00371,0.350643,0.257506,0.265012,0.132794,0.0906467,0.0773672,0.176674,328.136,419.271,-1
102,3815,2,50.9542,150.745,7.23252,0.801546,0.353725,0.287234,0.355623,0.183891,0.0775076,0.0486322,0.0471125,315.639,402.948,-1
103,4451,2,43.2746,146.697,3.95394,1.6174,0.466583,0.30911,0.376663,0.199591,0.0992835,0.0153531,0,328.324,436.432,-0.648649
103,6403,2,50.0359,255.556,48.3188,0,0.528547,0.135266,0.15942,0.120773,0.101449,0.0869565,0.396135,309,491,1
103,44,3,22.3447,107.254,6.40258,7.92698,0.324148,0.35722,0.326624,0.162909,0.06146,0.0603865,0.031401,261.788,546.777,0.375648
103,595,0,25.8179,131.346,4.45084,3.51176,0.345496,0.303742,0.395104,0.184713,0.0746417,0.0288615,0.0129379,248.431,554.129,0.331765
103,4660,1,33.9375,149.495,5.31926,0.352273,0.472858,0.261824,0.33277,0.238176,0.0861486,0.0810811,0,222.886,571.068,0.0227273
103,1680,2,33.149,155.765,6.94818,2.39151,0.423028,0.238223,0.31965,0.181023,0.0605653,0.19179,0.00874832,235.915,568.132,0.0188679
103,1948,3,32.8772,145.191,12.0089,2.69226,0.418765,0.273403,0.314514,0.181181,0.0777083,0.0691667,0.0840278,259.659,523.579,-0.092559
103,11097,0,39.3739,100.722,2.84957,4.15503,0.370555,0.465616,0.345272,0.12894,0.0601719,0,0,251.065,467.623,-0.766234
103,2088,1,35.6859,129.722,4.43041,1.84766,0.444759,0.336188,0.329764,0.168094,0.12848,0.0374732,0,226.262,579.388,0.3875
103,5748,2,34.2009,130.887,4.08178,1.8469,0.416586,0.336449,0.378505,0.170561,0.0568536,0.0576324,0,222.165,563.514,0.0183486
103,7362,2,53.1905,126.701,6.56787,1.68379,0.404204,0.386132,0.339452,0.139134,0.0455472,0.0326309,0.057104,254.429,520.995,0.325581
103,7373,0,38.5558,159.972,15.8459,0.852564,0.400183,0.251113,0.296527,0.159394,0.0436331,0.0979519,0.15138,276.692,497.385,0
103,7389,2,33.5976,101.732,2.60364,5.59341,0.330724,0.462713,0.372871,0.13623,0.0281856,0,0,259.726,508.978,0
103,9116,0,71.2155,107.984,2.88491,1.64167,0.378659,0.48247,0.358232,0.0983232,0.0442073,0.0167683,0,228.807,550.719,0.481481
103,7401,0,16.659,108.617,6.36868,15.5352,0.260983,0.324426,0.382881,0.179541,0.0359081,0.0450939,0.0321503,310.302,458.535,0
103,7470,2,32.6942,117.05,2.66939,1.30603,0.369599,0.433715,0.456628,0.0900164,0,0.0196399,0,275.707,448.31,-1
103,7413,3,25.9954,137.782,49.76,5.38474,0.375152,0.271672,0.279943,0.159536,0.0528074,0.0369015,0.199141,281.684,474.984,-0.242604
103,7436,2,15.8412,147.967,19.5584,5.16482,0.316134,0.250229,0.26717,0.171932,0.0686813,0.0888278,0.153159,226.073,525.058,-0.606707
103,7451,3,31.0468,150.751,8.23705,1.52449,0.528896,0.290837,0.348606,0.128486,0.109562,0.0507968,0.0717131,233.986,524,-0.324324
103,7464,1,15.2331,123.482,5.42022,4.20039,0.377173,0.331169,0.378479,0.146568,0.0751391,0.0333952,0.0352505,262.206,475.052,-0.814433
103,8117,0,25.1158,141.871,8.22461,4.3539,0.340708,0.280387,0.33582,0.176132,0.0696728,0.0823868,0.0556026,232.604,514.621,-0.560606
103,8372,1,14.1145,83.5271,3.35499,14.0952,0.251332,0.449343,0.394432,0.0812065,0.0348028,0.0402166,0,241.895,481.552,-1.13372
103,10120,2,31.6689,117.695,3.40035,2.83449,0.440915,0.370629,0.34965,0.23951,0.0402098,0,0,322.926,439.407,0
104,87,0,38.1127,103.667,3.22133,6.295,0.368059,0.422294,0.377278,0.142015,0.0401929,0.0182208,0,236.16,556.675,0
104,967,2,47.0405,142.35,7.44441,2.10559,0.400724,0.30671,0.33919,0.172123,0.0608104,0.0634684,0.0576985,262.54,510.332,-0.166944
104,2319,3,25.3351,144.017,5.26558,0.947115,0.39495,0.330861,0.299703,0.175074,0.0845697,0.109792,0,292.481,442.923,-1
104,1893,0,35.9311,178.781,11.8511,0.911024,0.382548,0.201122,0.289167,0.166163,0.0893397,0.182132,0.072076,294.757,440.16,-0.916667
104,2164,1,18.8004,109.295,3.02053,2.70733,0.308053,0.412512,0.415445,0.0987292,0.0664712,0.00684262,0,292.808,443.385,-1
